Workbook
Name Data_Base: #REF!

Sheet DB
A1: ADEP | B1: SID 12R | C1: SID 30L | D1: Sector | E1: ACC_Adyacente
A2: MMMX | B2: UDGUV | C2: {=_xlfn.SWITCH(Tabla42[[#This Row],[SID 12R]],"UDGUV","UDGUV","OMSUK","ROTGI","ENEBA","NOSUG","NUDAL","NUDAL","TAKUX","CZM","HECAT","CZM","CZM","CZM","")} -> UDGUV | D2: {=_xlfn.IFS(OR(Tabla42[[#This Row],[SID 12R]]="UDGUV",Tabla42[[#This Row],[SID 30L]]="UDGUV"),"Sector 2",OR(Tabla42[[#This Row],[SID 12R]]="OMSUK",Tabla42[[#This Row],[SID 30L]]="OMSUK",Tabla42[[#This Row],[SID 12R]]="ROTGI",Tabla42[[#This Row],[SID 30L]]="ROTGI",Tabla42[[#This Row],[SID 12R]]="ENEBA",Tabla42[[#This Row],[SID 30L]]="ENEBA",Tabla42[[#This Row],[SID 12R]]="NUDAL",Tabla42[[#This Row],[SID 30L]]="NUDAL"),"Sector 3",OR(Tabla42[[#This Row],[SID 12R]]="TAKUX",Tabla42[[#This Row],[SID 30L]]="TAKUX",Tabla42[[#This Row],[SID 12R]]="TAKUK",Tabla42[[#This Row],[SID 30L]]="TAKUK",Tabla42[[#This Row],[SID 12R]]="HECAT",Tabla42[[#This Row],[SID 30L]]="HECAT",Tabla42[[#This Row],[SID 12R]]="CZM",Tabla42[[#This Row],[SID 30L]]="CZM"),"Sector 7",TRUE,"")} -> Sector 2 | E2: MMEX
A3: CYYZ | B3: OMSUK | C3: {=_xlfn.SWITCH(Tabla42[[#This Row],[SID 12R]],"UDGUV","UDGUV","OMSUK","ROTGI","ENEBA","NOSUG","NUDAL","NUDAL","TAKUX","CZM","HECAT","CZM","CZM","CZM","")} -> ROTGI | D3: {=_xlfn.IFS(OR(Tabla42[[#This Row],[SID 12R]]="UDGUV",Tabla42[[#This Row],[SID 30L]]="UDGUV"),"Sector 2",OR(Tabla42[[#This Row],[SID 12R]]="OMSUK",Tabla42[[#This Row],[SID 30L]]="OMSUK",Tabla42[[#This Row],[SID 12R]]="ROTGI",Tabla42[[#This Row],[SID 30L]]="ROTGI",Tabla42[[#This Row],[SID 12R]]="ENEBA",Tabla42[[#This Row],[SID 30L]]="ENEBA",Tabla42[[#This Row],[SID 12R]]="NUDAL",Tabla42[[#This Row],[SID 30L]]="NUDAL"),"Sector 3",OR(Tabla42[[#This Row],[SID 12R]]="TAKUX",Tabla42[[#This Row],[SID 30L]]="TAKUX",Tabla42[[#This Row],[SID 12R]]="TAKUK",Tabla42[[#This Row],[SID 30L]]="TAKUK",Tabla42[[#This Row],[SID 12R]]="HECAT",Tabla42[[#This Row],[SID 30L]]="HECAT",Tabla42[[#This Row],[SID 12R]]="CZM",Tabla42[[#This Row],[SID 30L]]="CZM"),"Sector 7",TRUE,"")} -> Sector 3 | E3: KZHU
A4: MMMY | B4: UDGUV | C4: {=_xlfn.SWITCH(Tabla42[[#This Row],[SID 12R]],"UDGUV","UDGUV","OMSUK","ROTGI","ENEBA","NOSUG","NUDAL","NUDAL","TAKUX","CZM","HECAT","CZM","CZM","CZM","")} -> UDGUV | D4: {=_xlfn.IFS(OR(Tabla42[[#This Row],[SID 12R]]="UDGUV",Tabla42[[#This Row],[SID 30L]]="UDGUV"),"Sector 2",OR(Tabla42[[#This Row],[SID 12R]]="OMSUK",Tabla42[[#This Row],[SID 30L]]="OMSUK",Tabla42[[#This Row],[SID 12R]]="ROTGI",Tabla42[[#This Row],[SID 30L]]="ROTGI",Tabla42[[#This Row],[SID 12R]]="ENEBA",Tabla42[[#This Row],[SID 30L]]="ENEBA",Tabla42[[#This Row],[SID 12R]]="NUDAL",Tabla42[[#This Row],[SID 30L]]="NUDAL"),"Sector 3",OR(Tabla42[[#This Row],[SID 12R]]="TAKUX",Tabla42[[#This Row],[SID 30L]]="TAKUX",Tabla42[[#This Row],[SID 12R]]="TAKUK",Tabla42[[#This Row],[SID 30L]]="TAKUK",Tabla42[[#This Row],[SID 12R]]="HECAT",Tabla42[[#This Row],[SID 30L]]="HECAT",Tabla42[[#This Row],[SID 12R]]="CZM",Tabla42[[#This Row],[SID 30L]]="CZM"),"Sector 7",TRUE,"")} -> Sector 2 | E4: MMTY
A5: MMTO | B5: UDGUV | C5: {=_xlfn.SWITCH(Tabla42[[#This Row],[SID 12R]],"UDGUV","UDGUV","OMSUK","ROTGI","ENEBA","NOSUG","NUDAL","NUDAL","TAKUX","CZM","HECAT","CZM","CZM","CZM","")} -> UDGUV | D5: {=_xlfn.IFS(OR(Tabla42[[#This Row],[SID 12R]]="UDGUV",Tabla42[[#This Row],[SID 30L]]="UDGUV"),"Sector 2",OR(Tabla42[[#This Row],[SID 12R]]="OMSUK",Tabla42[[#This Row],[SID 30L]]="OMSUK",Tabla42[[#This Row],[SID 12R]]="ROTGI",Tabla42[[#This Row],[SID 30L]]="ROTGI",Tabla42[[#This Row],[SID 12R]]="ENEBA",Tabla42[[#This Row],[SID 30L]]="ENEBA",Tabla42[[#This Row],[SID 12R]]="NUDAL",Tabla42[[#This Row],[SID 30L]]="NUDAL"),"Sector 3",OR(Tabla42[[#This Row],[SID 12R]]="TAKUX",Tabla42[[#This Row],[SID 30L]]="TAKUX",Tabla42[[#This Row],[SID 12R]]="TAKUK",Tabla42[[#This Row],[SID 30L]]="TAKUK",Tabla42[[#This Row],[SID 12R]]="HECAT",Tabla42[[#This Row],[SID 30L]]="HECAT",Tabla42[[#This Row],[SID 12R]]="CZM",Tabla42[[#This Row],[SID 30L]]="CZM"),"Sector 7",TRUE,"")} -> Sector 2 | E5: MMEX
A6: KDFW | B6: ENEBA | C6: {=_xlfn.SWITCH(Tabla42[[#This Row],[SID 12R]],"UDGUV","UDGUV","OMSUK","ROTGI","ENEBA","NOSUG","NUDAL","NUDAL","TAKUX","CZM","HECAT","CZM","CZM","CZM","")} -> NOSUG | D6: {=_xlfn.IFS(OR(Tabla42[[#This Row],[SID 12R]]="UDGUV",Tabla42[[#This Row],[SID 30L]]="UDGUV"),"Sector 2",OR(Tabla42[[#This Row],[SID 12R]]="OMSUK",Tabla42[[#This Row],[SID 30L]]="OMSUK",Tabla42[[#This Row],[SID 12R]]="ROTGI",Tabla42[[#This Row],[SID 30L]]="ROTGI",Tabla42[[#This Row],[SID 12R]]="ENEBA",Tabla42[[#This Row],[SID 30L]]="ENEBA",Tabla42[[#This Row],[SID 12R]]="NUDAL",Tabla42[[#This Row],[SID 30L]]="NUDAL"),"Sector 3",OR(Tabla42[[#This Row],[SID 12R]]="TAKUX",Tabla42[[#This Row],[SID 30L]]="TAKUX",Tabla42[[#This Row],[SID 12R]]="TAKUK",Tabla42[[#This Row],[SID 30L]]="TAKUK",Tabla42[[#This Row],[SID 12R]]="HECAT",Tabla42[[#This Row],[SID 30L]]="HECAT",Tabla42[[#This Row],[SID 12R]]="CZM",Tabla42[[#This Row],[SID 30L]]="CZM"),"Sector 7",TRUE,"")} -> Sector 3 | E6: KZHU
A7: KORD | B7: ENEBA | C7: {=_xlfn.SWITCH(Tabla42[[#This Row],[SID 12R]],"UDGUV","UDGUV","OMSUK","ROTGI","ENEBA","NOSUG","NUDAL","NUDAL","TAKUX","CZM","HECAT","CZM","CZM","CZM","")} -> NOSUG | D7: {=_xlfn.IFS(OR(Tabla42[[#This Row],[SID 12R]]="UDGUV",Tabla42[[#This Row],[SID 30L]]="UDGUV"),"Sector 2",OR(Tabla42[[#This Row],[SID 12R]]="OMSUK",Tabla42[[#This Row],[SID 30L]]="OMSUK",Tabla42[[#This Row],[SID 12R]]="ROTGI",Tabla42[[#This Row],[SID 30L]]="ROTGI",Tabla42[[#This Row],[SID 12R]]="ENEBA",Tabla42[[#This Row],[SID 30L]]="ENEBA",Tabla42[[#This Row],[SID 12R]]="NUDAL",Tabla42[[#This Row],[SID 30L]]="NUDAL"),"Sector 3",OR(Tabla42[[#This Row],[SID 12R]]="TAKUX",Tabla42[[#This Row],[SID 30L]]="TAKUX",Tabla42[[#This Row],[SID 12R]]="TAKUK",Tabla42[[#This Row],[SID 30L]]="TAKUK",Tabla42[[#This Row],[SID 12R]]="HECAT",Tabla42[[#This Row],[SID 30L]]="HECAT",Tabla42[[#This Row],[SID 12R]]="CZM",Tabla42[[#This Row],[SID 30L]]="CZM"),"Sector 7",TRUE,"")} -> Sector 3 | E7: KZHU
A8: KATL | B8: ENEBA | C8: {=_xlfn.SWITCH(Tabla42[[#This Row],[SID 12R]],"UDGUV","UDGUV","OMSUK","ROTGI","ENEBA","NOSUG","NUDAL","NUDAL","TAKUX","CZM","HECAT","CZM","CZM","CZM","")} -> NOSUG | D8: {=_xlfn.IFS(OR(Tabla42[[#This Row],[SID 12R]]="UDGUV",Tabla42[[#This Row],[SID 30L]]="UDGUV"),"Sector 2",OR(Tabla42[[#This Row],[SID 12R]]="OMSUK",Tabla42[[#This Row],[SID 30L]]="OMSUK",Tabla42[[#This Row],[SID 12R]]="ROTGI",Tabla42[[#This Row],[SID 30L]]="ROTGI",Tabla42[[#This Row],[SID 12R]]="ENEBA",Tabla42[[#This Row],[SID 30L]]="ENEBA",Tabla42[[#This Row],[SID 12R]]="NUDAL",Tabla42[[#This Row],[SID 30L]]="NUDAL"),"Sector 3",OR(Tabla42[[#This Row],[SID 12R]]="TAKUX",Tabla42[[#This Row],[SID 30L]]="TAKUX",Tabla42[[#This Row],[SID 12R]]="TAKUK",Tabla42[[#This Row],[SID 30L]]="TAKUK",Tabla42[[#This Row],[SID 12R]]="HECAT",Tabla42[[#This Row],[SID 30L]]="HECAT",Tabla42[[#This Row],[SID 12R]]="CZM",Tabla42[[#This Row],[SID 30L]]="CZM"),"Sector 7",TRUE,"")} -> Sector 3 | E8: KZHU
A9: KLAX | B9: UDGUV | C9: {=_xlfn.SWITCH(Tabla42[[#This Row],[SID 12R]],"UDGUV","UDGUV","OMSUK","ROTGI","ENEBA","NOSUG","NUDAL","NUDAL","TAKUX","CZM","HECAT","CZM","CZM","CZM","")} -> UDGUV | D9: {=_xlfn.IFS(OR(Tabla42[[#This Row],[SID 12R]]="UDGUV",Tabla42[[#This Row],[SID 30L]]="UDGUV"),"Sector 2",OR(Tabla42[[#This Row],[SID 12R]]="OMSUK",Tabla42[[#This Row],[SID 30L]]="OMSUK",Tabla42[[#This Row],[SID 12R]]="ROTGI",Tabla42[[#This Row],[SID 30L]]="ROTGI",Tabla42[[#This Row],[SID 12R]]="ENEBA",Tabla42[[#This Row],[SID 30L]]="ENEBA",Tabla42[[#This Row],[SID 12R]]="NUDAL",Tabla42[[#This Row],[SID 30L]]="NUDAL"),"Sector 3",OR(Tabla42[[#This Row],[SID 12R]]="TAKUX",Tabla42[[#This Row],[SID 30L]]="TAKUX",Tabla42[[#This Row],[SID 12R]]="TAKUK",Tabla42[[#This Row],[SID 30L]]="TAKUK",Tabla42[[#This Row],[SID 12R]]="HECAT",Tabla42[[#This Row],[SID 30L]]="HECAT",Tabla42[[#This Row],[SID 12R]]="CZM",Tabla42[[#This Row],[SID 30L]]="CZM"),"Sector 7",TRUE,"")} -> Sector 2 | E9: MMTY
A10: MMSM | B10: UDGUV | C10: {=_xlfn.SWITCH(Tabla42[[#This Row],[SID 12R]],"UDGUV","UDGUV","OMSUK","ROTGI","ENEBA","NOSUG","NUDAL","NUDAL","TAKUX","CZM","HECAT","CZM","CZM","CZM","")} -> UDGUV | D10: {=_xlfn.IFS(OR(Tabla42[[#This Row],[SID 12R]]="UDGUV",Tabla42[[#This Row],[SID 30L]]="UDGUV"),"Sector 2",OR(Tabla42[[#This Row],[SID 12R]]="OMSUK",Tabla42[[#This Row],[SID 30L]]="OMSUK",Tabla42[[#This Row],[SID 12R]]="ROTGI",Tabla42[[#This Row],[SID 30L]]="ROTGI",Tabla42[[#This Row],[SID 12R]]="ENEBA",Tabla42[[#This Row],[SID 30L]]="ENEBA",Tabla42[[#This Row],[SID 12R]]="NUDAL",Tabla42[[#This Row],[SID 30L]]="NUDAL"),"Sector 3",OR(Tabla42[[#This Row],[SID 12R]]="TAKUX",Tabla42[[#This Row],[SID 30L]]="TAKUX",Tabla42[[#This Row],[SID 12R]]="TAKUK",Tabla42[[#This Row],[SID 30L]]="TAKUK",Tabla42[[#This Row],[SID 12R]]="HECAT",Tabla42[[#This Row],[SID 30L]]="HECAT",Tabla42[[#This Row],[SID 12R]]="CZM",Tabla42[[#This Row],[SID 30L]]="CZM"),"Sector 7",TRUE,"")} -> Sector 2 | E10: MMEX
A11: KIAH | B11: ENEBA | C11: {=_xlfn.SWITCH(Tabla42[[#This Row],[SID 12R]],"UDGUV","UDGUV","OMSUK","ROTGI","ENEBA","NOSUG","NUDAL","NUDAL","TAKUX","CZM","HECAT","CZM","CZM","CZM","")} -> NOSUG | D11: {=_xlfn.IFS(OR(Tabla42[[#This Row],[SID 12R]]="UDGUV",Tabla42[[#This Row],[SID 30L]]="UDGUV"),"Sector 2",OR(Tabla42[[#This Row],[SID 12R]]="OMSUK",Tabla42[[#This Row],[SID 30L]]="OMSUK",Tabla42[[#This Row],[SID 12R]]="ROTGI",Tabla42[[#This Row],[SID 30L]]="ROTGI",Tabla42[[#This Row],[SID 12R]]="ENEBA",Tabla42[[#This Row],[SID 30L]]="ENEBA",Tabla42[[#This Row],[SID 12R]]="NUDAL",Tabla42[[#This Row],[SID 30L]]="NUDAL"),"Sector 3",OR(Tabla42[[#This Row],[SID 12R]]="TAKUX",Tabla42[[#This Row],[SID 30L]]="TAKUX",Tabla42[[#This Row],[SID 12R]]="TAKUK",Tabla42[[#This Row],[SID 30L]]="TAKUK",Tabla42[[#This Row],[SID 12R]]="HECAT",Tabla42[[#This Row],[SID 30L]]="HECAT",Tabla42[[#This Row],[SID 12R]]="CZM",Tabla42[[#This Row],[SID 30L]]="CZM"),"Sector 7",TRUE,"")} -> Sector 3 | E11: KZHU
A12: CYUL | B12: OMSUK | C12: {=_xlfn.SWITCH(Tabla42[[#This Row],[SID 12R]],"UDGUV","UDGUV","OMSUK","ROTGI","ENEBA","NOSUG","NUDAL","NUDAL","TAKUX","CZM","HECAT","CZM","CZM","CZM","")} -> ROTGI | D12: {=_xlfn.IFS(OR(Tabla42[[#This Row],[SID 12R]]="UDGUV",Tabla42[[#This Row],[SID 30L]]="UDGUV"),"Sector 2",OR(Tabla42[[#This Row],[SID 12R]]="OMSUK",Tabla42[[#This Row],[SID 30L]]="OMSUK",Tabla42[[#This Row],[SID 12R]]="ROTGI",Tabla42[[#This Row],[SID 30L]]="ROTGI",Tabla42[[#This Row],[SID 12R]]="ENEBA",Tabla42[[#This Row],[SID 30L]]="ENEBA",Tabla42[[#This Row],[SID 12R]]="NUDAL",Tabla42[[#This Row],[SID 30L]]="NUDAL"),"Sector 3",OR(Tabla42[[#This Row],[SID 12R]]="TAKUX",Tabla42[[#This Row],[SID 30L]]="TAKUX",Tabla42[[#This Row],[SID 12R]]="TAKUK",Tabla42[[#This Row],[SID 30L]]="TAKUK",Tabla42[[#This Row],[SID 12R]]="HECAT",Tabla42[[#This Row],[SID 30L]]="HECAT",Tabla42[[#This Row],[SID 12R]]="CZM",Tabla42[[#This Row],[SID 30L]]="CZM"),"Sector 7",TRUE,"")} -> Sector 3 | E12: KZHU
A13: MMGL | B13: UDGUV | C13: {=_xlfn.SWITCH(Tabla42[[#This Row],[SID 12R]],"UDGUV","UDGUV","OMSUK","ROTGI","ENEBA","NOSUG","NUDAL","NUDAL","TAKUX","CZM","HECAT","CZM","CZM","CZM","")} -> UDGUV | D13: {=_xlfn.IFS(OR(Tabla42[[#This Row],[SID 12R]]="UDGUV",Tabla42[[#This Row],[SID 30L]]="UDGUV"),"Sector 2",OR(Tabla42[[#This Row],[SID 12R]]="OMSUK",Tabla42[[#This Row],[SID 30L]]="OMSUK",Tabla42[[#This Row],[SID 12R]]="ROTGI",Tabla42[[#This Row],[SID 30L]]="ROTGI",Tabla42[[#This Row],[SID 12R]]="ENEBA",Tabla42[[#This Row],[SID 30L]]="ENEBA",Tabla42[[#This Row],[SID 12R]]="NUDAL",Tabla42[[#This Row],[SID 30L]]="NUDAL"),"Sector 3",OR(Tabla42[[#This Row],[SID 12R]]="TAKUX",Tabla42[[#This Row],[SID 30L]]="TAKUX",Tabla42[[#This Row],[SID 12R]]="TAKUK",Tabla42[[#This Row],[SID 30L]]="TAKUK",Tabla42[[#This Row],[SID 12R]]="HECAT",Tabla42[[#This Row],[SID 30L]]="HECAT",Tabla42[[#This Row],[SID 12R]]="CZM",Tabla42[[#This Row],[SID 30L]]="CZM"),"Sector 7",TRUE,"")} -> Sector 2 | E13: MMEX
... A212: SVMC | B212: TAKUX | C212: {=_xlfn.SWITCH(Tabla42[[#This Row],[SID 12R]],"UDGUV","UDGUV","OMSUK","ROTGI","ENEBA","NOSUG","NUDAL","NUDAL","TAKUX","CZM","HECAT","CZM","CZM","CZM","")} -> CZM | D212: {=_xlfn.IFS(OR(Tabla42[[#This Row],[SID 12R]]="UDGUV",Tabla42[[#This Row],[SID 30L]]="UDGUV"),"Sector 2",OR(Tabla42[[#This Row],[SID 12R]]="OMSUK",Tabla42[[#This Row],[SID 30L]]="OMSUK",Tabla42[[#This Row],[SID 12R]]="ROTGI",Tabla42[[#This Row],[SID 30L]]="ROTGI",Tabla42[[#This Row],[SID 12R]]="ENEBA",Tabla42[[#This Row],[SID 30L]]="ENEBA",Tabla42[[#This Row],[SID 12R]]="NUDAL",Tabla42[[#This Row],[SID 30L]]="NUDAL"),"Sector 3",OR(Tabla42[[#This Row],[SID 12R]]="TAKUX",Tabla42[[#This Row],[SID 30L]]="TAKUX",Tabla42[[#This Row],[SID 12R]]="TAKUK",Tabla42[[#This Row],[SID 30L]]="TAKUK",Tabla42[[#This Row],[SID 12R]]="HECAT",Tabla42[[#This Row],[SID 30L]]="HECAT",Tabla42[[#This Row],[SID 12R]]="CZM",Tabla42[[#This Row],[SID 30L]]="CZM"),"Sector 7",TRUE,"")} -> Sector 7 | E212: MHCC
A213: KPTK | B213: OMSUK | C213: ROTGI | D213: {=_xlfn.IFS(OR(Tabla42[[#This Row],[SID 12R]]="UDGUV",Tabla42[[#This Row],[SID 30L]]="UDGUV"),"Sector 2",OR(Tabla42[[#This Row],[SID 12R]]="OMSUK",Tabla42[[#This Row],[SID 30L]]="OMSUK",Tabla42[[#This Row],[SID 12R]]="ROTGI",Tabla42[[#This Row],[SID 30L]]="ROTGI",Tabla42[[#This Row],[SID 12R]]="ENEBA",Tabla42[[#This Row],[SID 30L]]="ENEBA",Tabla42[[#This Row],[SID 12R]]="NUDAL",Tabla42[[#This Row],[SID 30L]]="NUDAL"),"Sector 3",OR(Tabla42[[#This Row],[SID 12R]]="TAKUX",Tabla42[[#This Row],[SID 30L]]="TAKUX",Tabla42[[#This Row],[SID 12R]]="TAKUK",Tabla42[[#This Row],[SID 30L]]="TAKUK",Tabla42[[#This Row],[SID 12R]]="HECAT",Tabla42[[#This Row],[SID 30L]]="HECAT",Tabla42[[#This Row],[SID 12R]]="CZM",Tabla42[[#This Row],[SID 30L]]="CZM"),"Sector 7",TRUE,"")} -> Sector 3 | E213: KZHU
A214: TJIG | B214: NUDAL | C214: {=_xlfn.SWITCH(Tabla42[[#This Row],[SID 12R]],"UDGUV","UDGUV","OMSUK","ROTGI","ENEBA","NOSUG","NUDAL","NUDAL","TAKUX","CZM","HECAT","CZM","CZM","CZM","")} -> NUDAL | D214: {=_xlfn.IFS(OR(Tabla42[[#This Row],[SID 12R]]="UDGUV",Tabla42[[#This Row],[SID 30L]]="UDGUV"),"Sector 2",OR(Tabla42[[#This Row],[SID 12R]]="OMSUK",Tabla42[[#This Row],[SID 30L]]="OMSUK",Tabla42[[#This Row],[SID 12R]]="ROTGI",Tabla42[[#This Row],[SID 30L]]="ROTGI",Tabla42[[#This Row],[SID 12R]]="ENEBA",Tabla42[[#This Row],[SID 30L]]="ENEBA",Tabla42[[#This Row],[SID 12R]]="NUDAL",Tabla42[[#This Row],[SID 30L]]="NUDAL"),"Sector 3",OR(Tabla42[[#This Row],[SID 12R]]="TAKUX",Tabla42[[#This Row],[SID 30L]]="TAKUX",Tabla42[[#This Row],[SID 12R]]="TAKUK",Tabla42[[#This Row],[SID 30L]]="TAKUK",Tabla42[[#This Row],[SID 12R]]="HECAT",Tabla42[[#This Row],[SID 30L]]="HECAT",Tabla42[[#This Row],[SID 12R]]="CZM",Tabla42[[#This Row],[SID 30L]]="CZM"),"Sector 7",TRUE,"")} -> Sector 3 | E214: MUFH
A215: MMPN | B215: UDGUV | C215: {=_xlfn.SWITCH(Tabla42[[#This Row],[SID 12R]],"UDGUV","UDGUV","OMSUK","ROTGI","ENEBA","NOSUG","NUDAL","NUDAL","TAKUX","CZM","HECAT","CZM","CZM","CZM","")} -> UDGUV | D215: {=_xlfn.IFS(OR(Tabla42[[#This Row],[SID 12R]]="UDGUV",Tabla42[[#This Row],[SID 30L]]="UDGUV"),"Sector 2",OR(Tabla42[[#This Row],[SID 12R]]="OMSUK",Tabla42[[#This Row],[SID 30L]]="OMSUK",Tabla42[[#This Row],[SID 12R]]="ROTGI",Tabla42[[#This Row],[SID 30L]]="ROTGI",Tabla42[[#This Row],[SID 12R]]="ENEBA",Tabla42[[#This Row],[SID 30L]]="ENEBA",Tabla42[[#This Row],[SID 12R]]="NUDAL",Tabla42[[#This Row],[SID 30L]]="NUDAL"),"Sector 3",OR(Tabla42[[#This Row],[SID 12R]]="TAKUX",Tabla42[[#This Row],[SID 30L]]="TAKUX",Tabla42[[#This Row],[SID 12R]]="TAKUK",Tabla42[[#This Row],[SID 30L]]="TAKUK",Tabla42[[#This Row],[SID 12R]]="HECAT",Tabla42[[#This Row],[SID 30L]]="HECAT",Tabla42[[#This Row],[SID 12R]]="CZM",Tabla42[[#This Row],[SID 30L]]="CZM"),"Sector 7",TRUE,"")} -> Sector 2 | E215: MMEX
A216: KSAN | B216: UDGUV | C216: {=_xlfn.SWITCH(Tabla42[[#This Row],[SID 12R]],"UDGUV","UDGUV","OMSUK","ROTGI","ENEBA","NOSUG","NUDAL","NUDAL","TAKUX","CZM","HECAT","CZM","CZM","CZM","")} -> UDGUV | D216: {=_xlfn.IFS(OR(Tabla42[[#This Row],[SID 12R]]="UDGUV",Tabla42[[#This Row],[SID 30L]]="UDGUV"),"Sector 2",OR(Tabla42[[#This Row],[SID 12R]]="OMSUK",Tabla42[[#This Row],[SID 30L]]="OMSUK",Tabla42[[#This Row],[SID 12R]]="ROTGI",Tabla42[[#This Row],[SID 30L]]="ROTGI",Tabla42[[#This Row],[SID 12R]]="ENEBA",Tabla42[[#This Row],[SID 30L]]="ENEBA",Tabla42[[#This Row],[SID 12R]]="NUDAL",Tabla42[[#This Row],[SID 30L]]="NUDAL"),"Sector 3",OR(Tabla42[[#This Row],[SID 12R]]="TAKUX",Tabla42[[#This Row],[SID 30L]]="TAKUX",Tabla42[[#This Row],[SID 12R]]="TAKUK",Tabla42[[#This Row],[SID 30L]]="TAKUK",Tabla42[[#This Row],[SID 12R]]="HECAT",Tabla42[[#This Row],[SID 30L]]="HECAT",Tabla42[[#This Row],[SID 12R]]="CZM",Tabla42[[#This Row],[SID 30L]]="CZM"),"Sector 7",TRUE,"")} -> Sector 2 | E216: MMTY
A217: LFBP | B217: NUDAL | C217: {=_xlfn.SWITCH(Tabla42[[#This Row],[SID 12R]],"UDGUV","UDGUV","OMSUK","ROTGI","ENEBA","NOSUG","NUDAL","NUDAL","TAKUX","CZM","HECAT","CZM","CZM","CZM","")} -> NUDAL | D217: {=_xlfn.IFS(OR(Tabla42[[#This Row],[SID 12R]]="UDGUV",Tabla42[[#This Row],[SID 30L]]="UDGUV"),"Sector 2",OR(Tabla42[[#This Row],[SID 12R]]="OMSUK",Tabla42[[#This Row],[SID 30L]]="OMSUK",Tabla42[[#This Row],[SID 12R]]="ROTGI",Tabla42[[#This Row],[SID 30L]]="ROTGI",Tabla42[[#This Row],[SID 12R]]="ENEBA",Tabla42[[#This Row],[SID 30L]]="ENEBA",Tabla42[[#This Row],[SID 12R]]="NUDAL",Tabla42[[#This Row],[SID 30L]]="NUDAL"),"Sector 3",OR(Tabla42[[#This Row],[SID 12R]]="TAKUX",Tabla42[[#This Row],[SID 30L]]="TAKUX",Tabla42[[#This Row],[SID 12R]]="TAKUK",Tabla42[[#This Row],[SID 30L]]="TAKUK",Tabla42[[#This Row],[SID 12R]]="HECAT",Tabla42[[#This Row],[SID 30L]]="HECAT",Tabla42[[#This Row],[SID 12R]]="CZM",Tabla42[[#This Row],[SID 30L]]="CZM"),"Sector 7",TRUE,"")} -> Sector 3 | E217: MUFH
A218: KPIE | B218: ENEBA | C218: {=_xlfn.SWITCH(Tabla42[[#This Row],[SID 12R]],"UDGUV","UDGUV","OMSUK","ROTGI","ENEBA","NOSUG","NUDAL","NUDAL","TAKUX","CZM","HECAT","CZM","CZM","CZM","")} -> NOSUG | D218: {=_xlfn.IFS(OR(Tabla42[[#This Row],[SID 12R]]="UDGUV",Tabla42[[#This Row],[SID 30L]]="UDGUV"),"Sector 2",OR(Tabla42[[#This Row],[SID 12R]]="OMSUK",Tabla42[[#This Row],[SID 30L]]="OMSUK",Tabla42[[#This Row],[SID 12R]]="ROTGI",Tabla42[[#This Row],[SID 30L]]="ROTGI",Tabla42[[#This Row],[SID 12R]]="ENEBA",Tabla42[[#This Row],[SID 30L]]="ENEBA",Tabla42[[#This Row],[SID 12R]]="NUDAL",Tabla42[[#This Row],[SID 30L]]="NUDAL"),"Sector 3",OR(Tabla42[[#This Row],[SID 12R]]="TAKUX",Tabla42[[#This Row],[SID 30L]]="TAKUX",Tabla42[[#This Row],[SID 12R]]="TAKUK",Tabla42[[#This Row],[SID 30L]]="TAKUK",Tabla42[[#This Row],[SID 12R]]="HECAT",Tabla42[[#This Row],[SID 30L]]="HECAT",Tabla42[[#This Row],[SID 12R]]="CZM",Tabla42[[#This Row],[SID 30L]]="CZM"),"Sector 7",TRUE,"")} -> Sector 3 | E218: KZHU
A219: KDAL | B219: ENEBA | C219: {=_xlfn.SWITCH(Tabla42[[#This Row],[SID 12R]],"UDGUV","UDGUV","OMSUK","ROTGI","ENEBA","NOSUG","NUDAL","NUDAL","TAKUX","CZM","HECAT","CZM","CZM","CZM","")} -> NOSUG | D219: {=_xlfn.IFS(OR(Tabla42[[#This Row],[SID 12R]]="UDGUV",Tabla42[[#This Row],[SID 30L]]="UDGUV"),"Sector 2",OR(Tabla42[[#This Row],[SID 12R]]="OMSUK",Tabla42[[#This Row],[SID 30L]]="OMSUK",Tabla42[[#This Row],[SID 12R]]="ROTGI",Tabla42[[#This Row],[SID 30L]]="ROTGI",Tabla42[[#This Row],[SID 12R]]="ENEBA",Tabla42[[#This Row],[SID 30L]]="ENEBA",Tabla42[[#This Row],[SID 12R]]="NUDAL",Tabla42[[#This Row],[SID 30L]]="NUDAL"),"Sector 3",OR(Tabla42[[#This Row],[SID 12R]]="TAKUX",Tabla42[[#This Row],[SID 30L]]="TAKUX",Tabla42[[#This Row],[SID 12R]]="TAKUK",Tabla42[[#This Row],[SID 30L]]="TAKUK",Tabla42[[#This Row],[SID 12R]]="HECAT",Tabla42[[#This Row],[SID 30L]]="HECAT",Tabla42[[#This Row],[SID 12R]]="CZM",Tabla42[[#This Row],[SID 30L]]="CZM"),"Sector 7",TRUE,"")} -> Sector 3 | E219: KZHU
A220: MMJC | B220: UDGUV | C220: {=_xlfn.SWITCH(Tabla42[[#This Row],[SID 12R]],"UDGUV","UDGUV","OMSUK","ROTGI","ENEBA","NOSUG","NUDAL","NUDAL","TAKUX","CZM","HECAT","CZM","CZM","CZM","")} -> UDGUV | D220: {=_xlfn.IFS(OR(Tabla42[[#This Row],[SID 12R]]="UDGUV",Tabla42[[#This Row],[SID 30L]]="UDGUV"),"Sector 2",OR(Tabla42[[#This Row],[SID 12R]]="OMSUK",Tabla42[[#This Row],[SID 30L]]="OMSUK",Tabla42[[#This Row],[SID 12R]]="ROTGI",Tabla42[[#This Row],[SID 30L]]="ROTGI",Tabla42[[#This Row],[SID 12R]]="ENEBA",Tabla42[[#This Row],[SID 30L]]="ENEBA",Tabla42[[#This Row],[SID 12R]]="NUDAL",Tabla42[[#This Row],[SID 30L]]="NUDAL"),"Sector 3",OR(Tabla42[[#This Row],[SID 12R]]="TAKUX",Tabla42[[#This Row],[SID 30L]]="TAKUX",Tabla42[[#This Row],[SID 12R]]="TAKUK",Tabla42[[#This Row],[SID 30L]]="TAKUK",Tabla42[[#This Row],[SID 12R]]="HECAT",Tabla42[[#This Row],[SID 30L]]="HECAT",Tabla42[[#This Row],[SID 12R]]="CZM",Tabla42[[#This Row],[SID 30L]]="CZM"),"Sector 7",TRUE,"")} -> Sector 2 | E220: MMEX
A221: MHTG | B221: CZM | C221: {=_xlfn.SWITCH(Tabla42[[#This Row],[SID 12R]],"UDGUV","UDGUV","OMSUK","ROTGI","ENEBA","NOSUG","NUDAL","NUDAL","TAKUX","CZM","HECAT","CZM","CZM","CZM","")} -> CZM | D221: {=_xlfn.IFS(OR(Tabla42[[#This Row],[SID 12R]]="UDGUV",Tabla42[[#This Row],[SID 30L]]="UDGUV"),"Sector 2",OR(Tabla42[[#This Row],[SID 12R]]="OMSUK",Tabla42[[#This Row],[SID 30L]]="OMSUK",Tabla42[[#This Row],[SID 12R]]="ROTGI",Tabla42[[#This Row],[SID 30L]]="ROTGI",Tabla42[[#This Row],[SID 12R]]="ENEBA",Tabla42[[#This Row],[SID 30L]]="ENEBA",Tabla42[[#This Row],[SID 12R]]="NUDAL",Tabla42[[#This Row],[SID 30L]]="NUDAL"),"Sector 3",OR(Tabla42[[#This Row],[SID 12R]]="TAKUX",Tabla42[[#This Row],[SID 30L]]="TAKUX",Tabla42[[#This Row],[SID 12R]]="TAKUK",Tabla42[[#This Row],[SID 30L]]="TAKUK",Tabla42[[#This Row],[SID 12R]]="HECAT",Tabla42[[#This Row],[SID 30L]]="HECAT",Tabla42[[#This Row],[SID 12R]]="CZM",Tabla42[[#This Row],[SID 30L]]="CZM"),"Sector 7",TRUE,"")} -> Sector 7 | E221: MHCC
C222: {=_xlfn.SWITCH(Tabla42[[#This Row],[SID 12R]],"UDGUV","UDGUV","OMSUK","ROTGI","ENEBA","NOSUG","NUDAL","NUDAL","TAKUX","CZM","HECAT","CZM","CZM","CZM","")} | D222: {=_xlfn.IFS(OR(Tabla42[[#This Row],[SID 12R]]="UDGUV",Tabla42[[#This Row],[SID 30L]]="UDGUV"),"Sector 2",OR(Tabla42[[#This Row],[SID 12R]]="OMSUK",Tabla42[[#This Row],[SID 30L]]="OMSUK",Tabla42[[#This Row],[SID 12R]]="ROTGI",Tabla42[[#This Row],[SID 30L]]="ROTGI",Tabla42[[#This Row],[SID 12R]]="ENEBA",Tabla42[[#This Row],[SID 30L]]="ENEBA",Tabla42[[#This Row],[SID 12R]]="NUDAL",Tabla42[[#This Row],[SID 30L]]="NUDAL"),"Sector 3",OR(Tabla42[[#This Row],[SID 12R]]="TAKUX",Tabla42[[#This Row],[SID 30L]]="TAKUX",Tabla42[[#This Row],[SID 12R]]="TAKUK",Tabla42[[#This Row],[SID 30L]]="TAKUK",Tabla42[[#This Row],[SID 12R]]="HECAT",Tabla42[[#This Row],[SID 30L]]="HECAT",Tabla42[[#This Row],[SID 12R]]="CZM",Tabla42[[#This Row],[SID 30L]]="CZM"),"Sector 7",TRUE,"")}

Sheet 2026-09-01
A1: callsign | B1: adep | C1: ades | D1: aircraft_type | E1: aircraft_registration | F1: atd | G1: dep_runway | H1: route | I1: rfl | J1: flight_rule | K1: flight_type | L1: distance_flown_in_fir | M1: exit_point | N1: exit_hour | O1: exit_level | P1: wtc | Q1: nfl | R1: SID_resuelto | S1: Hora_UTC | T1: Sector_resuelto
A2: VOI1051 | B2: MMUN | C2: MMGL | D2: A21N | E2: XAVUK | F2: 46266.017 | G2: 12R | H2: UDGUV2A UDGUV 2050N08810W 2056N08826W NUBIT DCT RIBET UT101 ENAGA DCT OVAGO UT123 IGSON IGSON1B | I2: 340 | J2: I | K2: S | L2: 862 | M2: NUBIT | N2: 46266.064 | O2: 340 | P2: M | Q2: 190 | R2: =IF(G2="12R",_xlfn.XLOOKUP(C2,DB!$A$2:$A$222,DB!$B$2:$B$222,""),IF(G2="30L",_xlfn.XLOOKUP(C2,DB!$A$2:$A$222,DB!$C$2:$C$222,""),"")) -> UDGUV | S2: =HOUR(F2) -> 0 | T2: =_xlfn.XLOOKUP(C2,DB!$A$2:$A$222,DB!$D$2:$D$222,"") -> Sector 2
A3: WJA2777 | B3: MMUN | C3: CYYZ | D3: B38M | E3: CGAMQ | F3: 46266.02 | G3: 12R | H3: S12R SR00 SR01 ROTGI UM219 MYDIA/M078F350 M219 KNOST/N0459F350 DCT CAMJO DCT DANCO DCT OXMAN LINNG3 | I3: 350 | J3: I | K3: S | L3: 359 | M3: MYDIA | N3: 46266.04 | O3: 350 | P3: M | Q3: 40 | R3: =IF(G3="12R",_xlfn.XLOOKUP(C3,DB!$A$2:$A$222,DB!$B$2:$B$222,""),IF(G3="30L",_xlfn.XLOOKUP(C3,DB!$A$2:$A$222,DB!$C$2:$C$222,""),"")) -> OMSUK | S3: =HOUR(F3) -> 0 | T3: =_xlfn.XLOOKUP(C3,DB!$A$2:$A$222,DB!$D$2:$D$222,"") -> Sector 3
A4: VOI5589 | B4: MMUN | C4: MMMY | D4: A320 | E4: XAVVC | F4: 46266.033 | G4: 12R | H4: UDGUV2A UDGUV UT78 DURPI DCT NOTEN UT37 SESNO UJ15E RETOS RETOS1A | I4: 340 | J4: I | K4: S | L4: 878 | M4: NOTEN | N4: 46266.08 | O4: 340 | P4: M | Q4: 190 | R4: =IF(G4="12R",_xlfn.XLOOKUP(C4,DB!$A$2:$A$222,DB!$B$2:$B$222,""),IF(G4="30L",_xlfn.XLOOKUP(C4,DB!$A$2:$A$222,DB!$C$2:$C$222,""),"")) -> UDGUV | S4: =HOUR(F4) -> 0 | T4: =_xlfn.XLOOKUP(C4,DB!$A$2:$A$222,DB!$D$2:$D$222,"") -> Sector 2
A5: WFL2502 | B5: MMUN | C5: LEMD | D5: A359 | E5: ECNOI | F5: 46266.034 | G5: 12R | H5: NUDAL1A NUDAL UV106 PODON UG765 MAXIM Y262 CANVI/N0496F370 Y262 ZFP DCT VENDS DCT HOOKY DCT SNAGY/M085F370 M203 SELIM/M085F370 DCT 40N060W 43N050W/M085F390 46N040W 46N030W 46N020W/M085F390 DCT HIDRA/N0488F390 DCT STG/N0486F240 N733 ZMR | I5: 350 | J5: I | K5: S | L5: 136 | M5: NUDAL | N5: 46266.044 | O5: 210 | P5: H | Q5: 190 | R5: =IF(G5="12R",_xlfn.XLOOKUP(C5,DB!$A$2:$A$222,DB!$B$2:$B$222,""),IF(G5="30L",_xlfn.XLOOKUP(C5,DB!$A$2:$A$222,DB!$C$2:$C$222,""),"")) -> NUDAL | S5: =HOUR(F5) -> 0 | T5: =_xlfn.XLOOKUP(C5,DB!$A$2:$A$222,DB!$D$2:$D$222,"") -> Sector 3
A6: AMX555 | B6: MMUN | C6: MMMX | D6: B39M | E6: XAMIJ | F6: 46266.037 | G6: 12R | H6: UDGUV2A UDGUV UT78 MEDOS UT20 UBVOV/N0457F340 UT101 UMAVO/N0456F300 UT101 ENAGA ENAGA3A | I6: 360 | J6: I | K6: S | L6: 859 | M6: UBVOV | N6: 46266.082 | O6: 360 | P6: M | Q6: 190 | R6: =IF(G6="12R",_xlfn.XLOOKUP(C6,DB!$A$2:$A$222,DB!$B$2:$B$222,""),IF(G6="30L",_xlfn.XLOOKUP(C6,DB!$A$2:$A$222,DB!$C$2:$C$222,""),"")) -> UDGUV | S6: =HOUR(F6) -> 0 | T6: =_xlfn.XLOOKUP(C6,DB!$A$2:$A$222,DB!$D$2:$D$222,"") -> Sector 2
A7: BAW2202 | B7: MMUN | C7: EGKK | D7: B772 | E7: GYMMB | F7: 46266.045 | G7: 12R | H7: S12R T12R6 UN415 NUDAL UV106 PODON UG765 MAXIM DCT EYW DCT PBI/M083F350 DCT SNAGY/M083F370 M203 SELIM DCT 43N050W/M083F390 46N040W 48N030W 48N020W 48N015W DCT OMOKO DCT GUNSO DCT GAPLI/N0473F390 DCT SIDDI/N0458F350 DCT DAWLY/N0418F270 DCT ELRIP DCT OTMET OTMET1G | I7: 350 | J7: I | K7: S | L7: 136 | M7: NUDAL | N7: 46266.055 | O7: 207 | P7: H | Q7: 190 | R7: =IF(G7="12R",_xlfn.XLOOKUP(C7,DB!$A$2:$A$222,DB!$B$2:$B$222,""),IF(G7="30L",_xlfn.XLOOKUP(C7,DB!$A$2:$A$222,DB!$C$2:$C$222,""),"")) -> NUDAL | S7: =HOUR(F7) -> 1 | T7: =_xlfn.XLOOKUP(C7,DB!$A$2:$A$222,DB!$D$2:$D$222,"") -> Sector 3
A8: XASSE | B8: MMUN | C8: MMTO | D8: E135 | F8: 46266.054 | G8: 12R | H8: UDGUV2A UDGUV UBVOV UT20 PAZ UT104 LENUL DCT | I8: 380 | J8: I | K8: G | L8: 859 | M8: UBVOV | N8: 46266.1 | O8: 380 | P8: M | Q8: 30 | R8: =IF(G8="12R",_xlfn.XLOOKUP(C8,DB!$A$2:$A$222,DB!$B$2:$B$222,""),IF(G8="30L",_xlfn.XLOOKUP(C8,DB!$A$2:$A$222,DB!$C$2:$C$222,""),"")) -> UDGUV | S8: =HOUR(F8) -> 1 | T8: =_xlfn.XLOOKUP(C8,DB!$A$2:$A$222,DB!$D$2:$D$222,"") -> Sector 2
A9: VOC4071 | B9: MMUN | C9: MROC | D9: A20N | E9: N547VL | F9: 46266.07 | G9: 12R | H9: S12R T12R6 ALSUP UB881 BTO UM206 VIVIT DCT PIRAS BARRA4P | I9: 370 | J9: I | K9: S | L9: 219 | M9: ANIKO | N9: 46266.083 | O9: 330 | P9: M | Q9: 190 | R9: =IF(G9="12R",_xlfn.XLOOKUP(C9,DB!$A$2:$A$222,DB!$B$2:$B$222,""),IF(G9="30L",_xlfn.XLOOKUP(C9,DB!$A$2:$A$222,DB!$C$2:$C$222,""),"")) -> CZM | S9: =HOUR(F9) -> 1 | T9: =_xlfn.XLOOKUP(C9,DB!$A$2:$A$222,DB!$D$2:$D$222,"") -> Sector 7
A10: VIV1373 | B10: MMUN | C10: MMMX | D10: A21N | E10: XAVXD | F10: 46266.071 | G10: 12R | H10: UDGUV2A UDGUV UT78 MEDOS UT20 UBVOV UT101 ENAGA ENAGA3A | I10: 340 | J10: I | K10: S | L10: 859 | M10: UBVOV | N10: 46266.118 | O10: 340 | P10: M | Q10: 190 | R10: =IF(G10="12R",_xlfn.XLOOKUP(C10,DB!$A$2:$A$222,DB!$B$2:$B$222,""),IF(G10="30L",_xlfn.XLOOKUP(C10,DB!$A$2:$A$222,DB!$C$2:$C$222,""),"")) -> UDGUV | S10: =HOUR(F10) -> 1 | T10: =_xlfn.XLOOKUP(C10,DB!$A$2:$A$222,DB!$D$2:$D$222,"") -> Sector 2
A11: ROU1813 | B11: MMUN | C11: CYYZ | D11: A321 | E11: CFYXF | F11: 46266.079 | G11: 12R | H11: S12R SR00 SR01 OMSUK UM219 MYDIA M219 NAVVL/M078F330 M219 CULLY/N0463F330 M219 KNOST DCT CAMJO/N0462F350 Q99 BLAAN Q69 RICCS DCT OXMAN LINNG3 | I11: 310 | J11: I | K11: S | L11: 359 | M11: MYDIA | N11: 46266.099 | O11: 310 | P11: M | Q11: 40 | R11: =IF(G11="12R",_xlfn.XLOOKUP(C11,DB!$A$2:$A$222,DB!$B$2:$B$222,""),IF(G11="30L",_xlfn.XLOOKUP(C11,DB!$A$2:$A$222,DB!$C$2:$C$222,""),"")) -> OMSUK | S11: =HOUR(F11) -> 1 | T11: =_xlfn.XLOOKUP(C11,DB!$A$2:$A$222,DB!$D$2:$D$222,"") -> Sector 3
A12: VTM9901 | B12: MMUN | C12: MMQT | D12: B734 | E12: XATIF | F12: 46266.081 | G12: 12R | H12: S12R 2100N08650W T12R7 2052N08722W 2053N08753W 2052N08801W 2052N08812W 2054N08819W 2054N08827W 2113N09006W 2115N09025W 2135N09324W 2136N09331W TARBI UJ17 QET | I12: 360 | J12: I | K12: S | L12: 865 | M12: 2137N09459W | N12: 46266.127 | O12: 360 | P12: M | Q12: 40 | R12: =IF(G12="12R",_xlfn.XLOOKUP(C12,DB!$A$2:$A$222,DB!$B$2:$B$222,""),IF(G12="30L",_xlfn.XLOOKUP(C12,DB!$A$2:$A$222,DB!$C$2:$C$222,""),"")) -> UDGUV | S12: =HOUR(F12) -> 1 | T12: =_xlfn.XLOOKUP(C12,DB!$A$2:$A$222,DB!$D$2:$D$222,"") -> Sector 2
A13: ESF610 | B13: MMUN | C13: MMMD | D13: B734 | E13: XASLG | F13: 46266.092 | G13: 12R | H13: S12R T12R6 2058N08652W 2047N08747W NAPRI NAPRI1A | I13: 220 | J13: I | K13: S | L13: 354 | M13: MMMD | N13: 46266.117 | O13: 0 | P13: M | Q13: 190 | R13: =IF(G13="12R",_xlfn.XLOOKUP(C13,DB!$A$2:$A$222,DB!$B$2:$B$222,""),IF(G13="30L",_xlfn.XLOOKUP(C13,DB!$A$2:$A$222,DB!$C$2:$C$222,""),"")) -> UDGUV | S13: =HOUR(F13) -> 2 | T13: =_xlfn.XLOOKUP(C13,DB!$A$2:$A$222,DB!$D$2:$D$222,"") -> Sector 2
A14: EVE814 | B14: MMUN | C14: LEMD | D14: A333 | E14: ECODR | F14: 46266.115 | G14: 12R | H14: S12R T12R6 UN415 UN413 MAXIM Y262 GOPEY/N0478F370 Y262 ZFP BR65V STIFF A699 SUMRS/M082F370 M204 SOORY DCT 43N050W/M082F370 46N040W/M082F390 47N030W 47N020W 46N015W/N0465F390 DCT PITAX DCT STG DCT DESAT DCT ZMR | I14: 350 | J14: I | K14: S | L14: 137 | M14: 2135N08548W | N14: 46266.125 | O14: 205 | P14: H | Q14: 190 | R14: =IF(G14="12R",_xlfn.XLOOKUP(C14,DB!$A$2:$A$222,DB!$B$2:$B$222,""),IF(G14="30L",_xlfn.XLOOKUP(C14,DB!$A$2:$A$222,DB!$C$2:$C$222,""),"")) -> NUDAL | S14: =HOUR(F14) -> 2 | T14: =_xlfn.XLOOKUP(C14,DB!$A$2:$A$222,DB!$D$2:$D$222,"") -> Sector 3
A15: VIV1017 | B15: MMUN | C15: MMMX | D15: A20N | E15: XAVMF | F15: 46266.133 | G15: 12R | H15: UDGUV2A UDGUV UT78 MEDOS DCT UBVOV DCT UMAVO UT101 ENAGA ENAGA3A | I15: 380 | J15: I | K15: S | L15: 859 | M15: UBVOV | N15: 46266.181 | O15: 380 | P15: M | Q15: 190 | R15: =IF(G15="12R",_xlfn.XLOOKUP(C15,DB!$A$2:$A$222,DB!$B$2:$B$222,""),IF(G15="30L",_xlfn.XLOOKUP(C15,DB!$A$2:$A$222,DB!$C$2:$C$222,""),"")) -> UDGUV | S15: =HOUR(F15) -> 3 | T15: =_xlfn.XLOOKUP(C15,DB!$A$2:$A$222,DB!$D$2:$D$222,"") -> Sector 2
A16: VTM2202 | B16: MMUN | C16: MMVA | D16: B734 | E16: XAVHS | F16: 46266.137 | G16: 12R | H16: S12R T12R6 UN418 2052N08721W 2052N08722W 2051N08727W AGAVE UJ9 VSA | I16: 320 | J16: I | K16: S | L16: 721 | M16: MMVA | N16: 46266.181 | O16: 0 | P16: M | Q16: 190 | R16: =IF(G16="12R",_xlfn.XLOOKUP(C16,DB!$A$2:$A$222,DB!$B$2:$B$222,""),IF(G16="30L",_xlfn.XLOOKUP(C16,DB!$A$2:$A$222,DB!$C$2:$C$222,""),"")) -> UDGUV | S16: =HOUR(F16) -> 3 | T16: =_xlfn.XLOOKUP(C16,DB!$A$2:$A$222,DB!$D$2:$D$222,"") -> Sector 2
A17: VIV2140 | B17: MMUN | C17: MMGL | D17: A21N | E17: XAVXU | F17: 46266.139 | G17: 12R | H17: S12R T12R6 UN418 2058N08806W 2058N08807W 2148N09501W SLP UT147 AGU UT44 MEZCA MEZCA1A | I17: 360 | J17: I | K17: S | L17: 861 | M17: 2148N09459W | N17: 46266.185 | O17: 360 | P17: M | Q17: 190 | R17: =IF(G17="12R",_xlfn.XLOOKUP(C17,DB!$A$2:$A$222,DB!$B$2:$B$222,""),IF(G17="30L",_xlfn.XLOOKUP(C17,DB!$A$2:$A$222,DB!$C$2:$C$222,""),"")) -> UDGUV | S17: =HOUR(F17) -> 3 | T17: =_xlfn.XLOOKUP(C17,DB!$A$2:$A$222,DB!$D$2:$D$222,"") -> Sector 2
A18: VOI105 | B18: MMUN | C18: MMMX | D18: A321 | E18: XAVLT | F18: 46266.14 | G18: 12R | H18: S12R T12R6 UN418 2058N08656W UDGUV UT78 DURPI DCT UBVOV UT101 ENAGA ENAGA3A | I18: 360 | J18: I | K18: S | L18: 861 | M18: UBVOV | N18: 46266.187 | O18: 360 | P18: M | Q18: 190 | R18: =IF(G18="12R",_xlfn.XLOOKUP(C18,DB!$A$2:$A$222,DB!$B$2:$B$222,""),IF(G18="30L",_xlfn.XLOOKUP(C18,DB!$A$2:$A$222,DB!$C$2:$C$222,""),"")) -> UDGUV | S18: =HOUR(F18) -> 3 | T18: =_xlfn.XLOOKUP(C18,DB!$A$2:$A$222,DB!$D$2:$D$222,"") -> Sector 2
A19: VOI5593 | B19: MMUN | C19: MMMY | D19: A20N | E19: XATVM | F19: 46266.142 | G19: 12R | H19: S12R T12R6 UN418 UN409 2052N08738W 2101N08826W NOTEN UT37 SESNO UJ15E RETOS RETOS1A | I19: 380 | J19: I | K19: S | L19: 863 | M19: NOTEN | N19: 46266.187 | O19: 380 | P19: M | Q19: 190 | R19: =IF(G19="12R",_xlfn.XLOOKUP(C19,DB!$A$2:$A$222,DB!$B$2:$B$222,""),IF(G19="30L",_xlfn.XLOOKUP(C19,DB!$A$2:$A$222,DB!$C$2:$C$222,""),"")) -> UDGUV | S19: =HOUR(F19) -> 3 | T19: =_xlfn.XLOOKUP(C19,DB!$A$2:$A$222,DB!$D$2:$D$222,"") -> Sector 2
A20: VIV2022 | B20: MMUN | C20: MMTO | D20: A320 | E20: XAVAM | F20: 46266.149 | G20: 12R | H20: UDGUV2A UDGUV UT78 UKOKO 2045N08924W 2038N09040W AVIVI ELVED UT104 LENUL LENUL3A | I20: 360 | J20: I | K20: S | L20: 863 | M20: AVIVI | N20: 46266.196 | O20: 360 | P20: M | Q20: 190 | R20: =IF(G20="12R",_xlfn.XLOOKUP(C20,DB!$A$2:$A$222,DB!$B$2:$B$222,""),IF(G20="30L",_xlfn.XLOOKUP(C20,DB!$A$2:$A$222,DB!$C$2:$C$222,""),"")) -> UDGUV | S20: =HOUR(F20) -> 3 | T20: =_xlfn.XLOOKUP(C20,DB!$A$2:$A$222,DB!$D$2:$D$222,"") -> Sector 2
... A37: AAL316 | B37: MMUN | C37: KDFW | D37: B738 | E37: N970AN | F37: 46266.549 | G37: 12R | H37: S12R 2100N08650W NC011 2132N08652W 2205N08658W KEHLI A770 LEV DCT LSU DCT AEX DCT PNUTS BEREE3 | I37: 360 | J37: I | K37: S | L37: 531 | M37: KEHLI | N37: 46266.577 | O37: 360 | P37: M | Q37: 40 | R37: =IF(G37="12R",_xlfn.XLOOKUP(C37,DB!$A$2:$A$222,DB!$B$2:$B$222,""),IF(G37="30L",_xlfn.XLOOKUP(C37,DB!$A$2:$A$222,DB!$C$2:$C$222,""),"")) -> ENEBA | S37: =HOUR(F37) -> 13 | T37: =_xlfn.XLOOKUP(C37,DB!$A$2:$A$222,DB!$D$2:$D$222,"") -> Sector 3
A38: N68AR | B38: MMUN | C38: MMTO | D38: H25B | F38: 46266.55 | G38: 12R | H38: S12R 2101N08651W 2058N08651W CZA UT20 PAZ UT104 LENUL DCT | I38: 340 | J38: I | K38: G | L38: 859 | M38: UBVOV | N38: 46266.6 | O38: 340 | P38: M | Q38: 30 | R38: =IF(G38="12R",_xlfn.XLOOKUP(C38,DB!$A$2:$A$222,DB!$B$2:$B$222,""),IF(G38="30L",_xlfn.XLOOKUP(C38,DB!$A$2:$A$222,DB!$C$2:$C$222,""),"")) -> UDGUV | S38: =HOUR(F38) -> 13 | T38: =_xlfn.XLOOKUP(C38,DB!$A$2:$A$222,DB!$D$2:$D$222,"") -> Sector 2
A39: DAL609 | B39: MMUN | C39: KATL | D39: B738 | E39: N3743H | F39: 46266.552 | G39: 12R | H39: S12R SR00 SR01 ROTGI UM219 MYDIA M219 CIGAR M215 KNOST DCT CAMJO DCT LAIRI DCT LARZZ JJEDI4 | I39: 370 | J39: I | K39: S | L39: 359 | M39: MYDIA | N39: 46266.572 | O39: 370 | P39: M | Q39: 40 | R39: =IF(G39="12R",_xlfn.XLOOKUP(C39,DB!$A$2:$A$222,DB!$B$2:$B$222,""),IF(G39="30L",_xlfn.XLOOKUP(C39,DB!$A$2:$A$222,DB!$C$2:$C$222,""),"")) -> ENEBA | S39: =HOUR(F39) -> 13 | T39: =_xlfn.XLOOKUP(C39,DB!$A$2:$A$222,DB!$D$2:$D$222,"") -> Sector 3
A40: UAL1988 | B40: MMUN | C40: KEWR | D40: B39M | E40: N77581 | F40: 46266.583 | G40: 12R | H40: S12R 2101N08650W ROTGI UM219 ALPUK/N0464F330 UM219 MYDIA/N0464F350 M219 CIGAR M215 KNOST Q109 CAMJO Q99 QUART PHLBO4 | I40: 310 | J40: I | K40: S | L40: 345 | M40: MYDIA | N40: 46266.603 | O40: 350 | P40: M | Q40: 40 | R40: =IF(G40="12R",_xlfn.XLOOKUP(C40,DB!$A$2:$A$222,DB!$B$2:$B$222,""),IF(G40="30L",_xlfn.XLOOKUP(C40,DB!$A$2:$A$222,DB!$C$2:$C$222,""),"")) -> OMSUK | S40: =HOUR(F40) -> 13 | T40: =_xlfn.XLOOKUP(C40,DB!$A$2:$A$222,DB!$D$2:$D$222,"") -> Sector 3
A41: XBPGY | B41: MMUN | C41: MMVA | D41: C501 | F41: 46266.587 | G41: 12R | H41: S12R T12R6 UN418 UN409 UN419 2051N08727W 1951N08934W 1930N09014W 1852N09126W CME NOPON UJ9 VSA | I41: 280 | J41: I | K41: G | L41: 724 | M41: MMVA | N41: 46266.646 | O41: 0 | P41: L | Q41: 30 | R41: =IF(G41="12R",_xlfn.XLOOKUP(C41,DB!$A$2:$A$222,DB!$B$2:$B$222,""),IF(G41="30L",_xlfn.XLOOKUP(C41,DB!$A$2:$A$222,DB!$C$2:$C$222,""),"")) -> UDGUV | S41: =HOUR(F41) -> 14 | T41: =_xlfn.XLOOKUP(C41,DB!$A$2:$A$222,DB!$D$2:$D$222,"") -> Sector 2
A42: XAVGF | B42: MMUN | C42: MMUN | D42: B429 | F42: 46266.602 | G42: 12R | H42: LCLUN CUN | I42: 15 | J42: V | K42: G | L42: 297 | M42: MMUN | N42: 46266.673 | O42: 0 | P42: L | Q42: 15 | R42: =IF(G42="12R",_xlfn.XLOOKUP(C42,DB!$A$2:$A$222,DB!$B$2:$B$222,""),IF(G42="30L",_xlfn.XLOOKUP(C42,DB!$A$2:$A$222,DB!$C$2:$C$222,""),"")) | S42: =HOUR(F42) -> 14 | T42: =_xlfn.XLOOKUP(C42,DB!$A$2:$A$222,DB!$D$2:$D$222,"")
A43: AMX515 | B43: MMUN | C43: MMMX | D43: B39M | E43: XAIMH | F43: 46266.605 | G43: 12R | H43: UDGUV2A UDGUV UT78 MEDOS UT20 UBVOV UT101 UMAVO/N0452F300 UT101 ENAGA ENAGA3A | I43: 360 | J43: I | K43: S | L43: 859 | M43: UBVOV | N43: 46266.651 | O43: 360 | P43: M | Q43: 190 | R43: =IF(G43="12R",_xlfn.XLOOKUP(C43,DB!$A$2:$A$222,DB!$B$2:$B$222,""),IF(G43="30L",_xlfn.XLOOKUP(C43,DB!$A$2:$A$222,DB!$C$2:$C$222,""),"")) -> UDGUV | S43: =HOUR(F43) -> 14 | T43: =_xlfn.XLOOKUP(C43,DB!$A$2:$A$222,DB!$D$2:$D$222,"") -> Sector 2
A44: N300FB | B44: MMUN | C44: MMTO | D44: EPIC | F44: 46266.616 | G44: 12R | H44: S12R T12R6 UN418 UN409 2053N08715W CZ551 2053N08735W UBVOV UT20 PAZ UT104 LENUL DCT | I44: 280 | J44: I | K44: G | L44: 858 | M44: UBVOV | N44: 46266.683 | O44: 280 | P44: L | Q44: 30 | R44: =IF(G44="12R",_xlfn.XLOOKUP(C44,DB!$A$2:$A$222,DB!$B$2:$B$222,""),IF(G44="30L",_xlfn.XLOOKUP(C44,DB!$A$2:$A$222,DB!$C$2:$C$222,""),"")) -> UDGUV | S44: =HOUR(F44) -> 14 | T44: =_xlfn.XLOOKUP(C44,DB!$A$2:$A$222,DB!$D$2:$D$222,"") -> Sector 2
A45: ROU1885 | B45: MMUN | C45: CYUL | D45: A319 | E45: CGBHY | F45: 46266.625 | G45: 12R | H45: S12R SR00 SR01 SR02 SR03 SR04 SR05 ROTGI UM219 MYDIA/M078F350 M219 CULLY/N0458F350 M219 KNOST/N0454F370 DCT CAMJO DCT TEEEM Q99 POLYY DCT OGRAE DCT AUDII DCT FAK DCT RBV DCT LLUND DCT CAM DCT JASDU DCT PBERG CARTR5 | I45: 350 | J45: I | K45: S | L45: 359 | M45: MYDIA | N45: 46266.645 | O45: 350 | P45: M | Q45: 40 | R45: =IF(G45="12R",_xlfn.XLOOKUP(C45,DB!$A$2:$A$222,DB!$B$2:$B$222,""),IF(G45="30L",_xlfn.XLOOKUP(C45,DB!$A$2:$A$222,DB!$C$2:$C$222,""),"")) -> OMSUK | S45: =HOUR(F45) -> 14 | T45: =_xlfn.XLOOKUP(C45,DB!$A$2:$A$222,DB!$D$2:$D$222,"") -> Sector 3
A46: VOI5585 | B46: MMUN | C46: MMMY | D46: A320 | E46: XAVVC | F46: 46266.627 | G46: 12R | H46: S12R 2101N08650W 2058N08650W 2055N08734W DURPI DCT NOTEN UT37 SESNO UJ15E RETOS RETOS1A | I46: 360 | J46: I | K46: S | L46: 878 | M46: NOTEN | N46: 46266.673 | O46: 360 | P46: M | Q46: 190 | R46: =IF(G46="12R",_xlfn.XLOOKUP(C46,DB!$A$2:$A$222,DB!$B$2:$B$222,""),IF(G46="30L",_xlfn.XLOOKUP(C46,DB!$A$2:$A$222,DB!$C$2:$C$222,""),"")) -> UDGUV | S46: =HOUR(F46) -> 15 | T46: =_xlfn.XLOOKUP(C46,DB!$A$2:$A$222,DB!$D$2:$D$222,"") -> Sector 2
A47: ESF615 | B47: MMUN | C47: KMIA | D47: B734 | E47: XASLG | F47: 46266.645 | G47: 12R | H47: NUDAL1A NUDAL UV106 PODON UG765 EMOVI UG765 MAXIM SNDBR3 | I47: 330 | J47: I | K47: S | L47: 136 | M47: NUDAL | N47: 46266.654 | O47: 269 | P47: M | Q47: 190 | R47: =IF(G47="12R",_xlfn.XLOOKUP(C47,DB!$A$2:$A$222,DB!$B$2:$B$222,""),IF(G47="30L",_xlfn.XLOOKUP(C47,DB!$A$2:$A$222,DB!$C$2:$C$222,""),"")) -> NUDAL | S47: =HOUR(F47) -> 15 | T47: =_xlfn.XLOOKUP(C47,DB!$A$2:$A$222,DB!$D$2:$D$222,"") -> Sector 3
A48: VIV7032 | B48: MMUN | C48: MMTO | D48: A320 | E48: XAVAQ | F48: 46266.648 | G48: 12R | H48: S12R T12R6 UN418 UN409 UN419 UN432 2050N09148W 2050N09154W RIBET UT101 UMAVO UT104 LENUL LENUL3A | I48: 380 | J48: I | K48: N | L48: 859 | M48: 2037N09459W | N48: 46266.693 | O48: 380 | P48: M | Q48: 190 | R48: =IF(G48="12R",_xlfn.XLOOKUP(C48,DB!$A$2:$A$222,DB!$B$2:$B$222,""),IF(G48="30L",_xlfn.XLOOKUP(C48,DB!$A$2:$A$222,DB!$C$2:$C$222,""),"")) -> UDGUV | S48: =HOUR(F48) -> 15 | T48: =_xlfn.XLOOKUP(C48,DB!$A$2:$A$222,DB!$D$2:$D$222,"") -> Sector 2
A49: VIV1029 | B49: MMUN | C49: MMMX | D49: A20N | E49: XAVMF | F49: 46266.65 | G49: 12R | H49: UDGUV2A UDGUV UT78 MEDOS DCT UBVOV DCT UMAVO UT101 ENAGA ENAGA3A | I49: 380 | J49: I | K49: S | L49: 859 | M49: UBVOV | N49: 46266.696 | O49: 380 | P49: M | Q49: 190 | R49: =IF(G49="12R",_xlfn.XLOOKUP(C49,DB!$A$2:$A$222,DB!$B$2:$B$222,""),IF(G49="30L",_xlfn.XLOOKUP(C49,DB!$A$2:$A$222,DB!$C$2:$C$222,""),"")) -> UDGUV | S49: =HOUR(F49) -> 15 | T49: =_xlfn.XLOOKUP(C49,DB!$A$2:$A$222,DB!$D$2:$D$222,"") -> Sector 2
A50: VIV2164 | B50: MMUN | C50: MMMY | D50: A321 | E50: XAVBU | F50: 46266.652 | G50: 12R | H50: S12R T12R6 UN418 UN409 UN419 2050N08732W 2050N08735W 2050N08738W 2050N08743W 2055N08912W 2056N08930W S101 NOTEN/N0453F380 UT37 SESNO UJ15E RETOS RETOS1A | I50: 360 | J50: I | K50: S | L50: 878 | M50: NOTEN | N50: 46266.697 | O50: 360 | P50: M | Q50: 190 | R50: =IF(G50="12R",_xlfn.XLOOKUP(C50,DB!$A$2:$A$222,DB!$B$2:$B$222,""),IF(G50="30L",_xlfn.XLOOKUP(C50,DB!$A$2:$A$222,DB!$C$2:$C$222,""),"")) -> UDGUV | S50: =HOUR(F50) -> 15 | T50: =_xlfn.XLOOKUP(C50,DB!$A$2:$A$222,DB!$D$2:$D$222,"") -> Sector 2
A51: VOI1049 | B51: MMUN | C51: MMGL | D51: A20N | E51: XAVUP | F51: 46266.653 | G51: 12R | H51: UDGUV2A UDGUV 2049N08805W NUBIT DCT RIBET UT101 ENAGA DCT OVAGO UT123 IKLOK/N0371F240 UT123 IGSON/N0335F200 IGSON1B | I51: 380 | J51: I | K51: S | L51: 860 | M51: NUBIT | N51: 46266.699 | O51: 380 | P51: M | Q51: 190 | R51: =IF(G51="12R",_xlfn.XLOOKUP(C51,DB!$A$2:$A$222,DB!$B$2:$B$222,""),IF(G51="30L",_xlfn.XLOOKUP(C51,DB!$A$2:$A$222,DB!$C$2:$C$222,""),"")) -> UDGUV | S51: =HOUR(F51) -> 15 | T51: =_xlfn.XLOOKUP(C51,DB!$A$2:$A$222,DB!$D$2:$D$222,"") -> Sector 2
A52: VIV2278 | B52: MMUN | C52: MMSM | D52: A320 | E52: XAVAN | F52: 46266.657 | G52: 12R | H52: S12R T12R6 UN418 UN409 UN419 2050N08732W UBVOV UT20 TAJIN DCT VITOS VITOS2A | I52: 360 | J52: I | K52: S | L52: 859 | M52: UBVOV | N52: 46266.702 | O52: 360 | P52: M | Q52: 190 | R52: =IF(G52="12R",_xlfn.XLOOKUP(C52,DB!$A$2:$A$222,DB!$B$2:$B$222,""),IF(G52="30L",_xlfn.XLOOKUP(C52,DB!$A$2:$A$222,DB!$C$2:$C$222,""),"")) -> UDGUV | S52: =HOUR(F52) -> 15 | T52: =_xlfn.XLOOKUP(C52,DB!$A$2:$A$222,DB!$D$2:$D$222,"") -> Sector 2
A53: VOI101 | B53: MMUN | C53: MMMX | D53: A21N | E53: XAVUT | F53: 46266.667 | G53: 12R | H53: S12R T12R6 UN418 UN409 2054N08728W 2055N08734W UBVOV UT101 ENAGA ENAGA3A | I53: 340 | J53: I | K53: S | L53: 858 | M53: UBVOV | N53: 46266.714 | O53: 340 | P53: M | Q53: 190 | R53: =IF(G53="12R",_xlfn.XLOOKUP(C53,DB!$A$2:$A$222,DB!$B$2:$B$222,""),IF(G53="30L",_xlfn.XLOOKUP(C53,DB!$A$2:$A$222,DB!$C$2:$C$222,""),"")) -> UDGUV | S53: =HOUR(F53) -> 16 | T53: =_xlfn.XLOOKUP(C53,DB!$A$2:$A$222,DB!$D$2:$D$222,"") -> Sector 2
A54: VIV2176 | B54: MMUN | C54: MMMY | D54: A20N | E54: CCDBN | F54: 46266.672 | G54: 12R | H54: S12R T12R6 UN418 2056N08856W IZAML NOTEN UT37 SESNO UJ15E RETOS RETOS1A | I54: 380 | J54: I | K54: S | L54: 870 | M54: NOTEN | N54: 46266.716 | O54: 380 | P54: M | Q54: 190 | R54: =IF(G54="12R",_xlfn.XLOOKUP(C54,DB!$A$2:$A$222,DB!$B$2:$B$222,""),IF(G54="30L",_xlfn.XLOOKUP(C54,DB!$A$2:$A$222,DB!$C$2:$C$222,""),"")) -> UDGUV | S54: =HOUR(F54) -> 16 | T54: =_xlfn.XLOOKUP(C54,DB!$A$2:$A$222,DB!$D$2:$D$222,"") -> Sector 2
A55: AMX591 | B55: MMUN | C55: MMSM | D55: B738 | E55: XAAMS | F55: 46266.675 | G55: 12R | H55: S12R 2101N08651W 2058N08651W 2056N08726W 2056N08733W UBVOV UT101 UMAVO UT169 VITOS VITOS2A | I55: 360 | J55: I | K55: S | L55: 855 | M55: UBVOV | N55: 46266.721 | O55: 360 | P55: M | Q55: 190 | R55: =IF(G55="12R",_xlfn.XLOOKUP(C55,DB!$A$2:$A$222,DB!$B$2:$B$222,""),IF(G55="30L",_xlfn.XLOOKUP(C55,DB!$A$2:$A$222,DB!$C$2:$C$222,""),"")) -> UDGUV | S55: =HOUR(F55) -> 16 | T55: =_xlfn.XLOOKUP(C55,DB!$A$2:$A$222,DB!$D$2:$D$222,"") -> Sector 2
A56: VIV8005 | B56: MMUN | C56: MMCS | D56: A320 | E56: XAVAP | F56: 46266.68 | G56: 12R | H56: S12R T12R6 UN418 UN409 UN419 UN432 2050N08736W 2054N08857W 2054N08901W NOTEN DCT LIBOX DCT MOV UT3 URKOM UJ54 CJS DCT | I56: 380 | J56: I | K56: S | L56: 872 | M56: NOTEN | N56: 46266.723 | O56: 380 | P56: M | Q56: 190 | R56: =IF(G56="12R",_xlfn.XLOOKUP(C56,DB!$A$2:$A$222,DB!$B$2:$B$222,""),IF(G56="30L",_xlfn.XLOOKUP(C56,DB!$A$2:$A$222,DB!$C$2:$C$222,""),"")) -> UDGUV | S56: =HOUR(F56) -> 16 | T56: =_xlfn.XLOOKUP(C56,DB!$A$2:$A$222,DB!$D$2:$D$222,"") -> Sector 2
A57: XBPEV | B57: MMUN | C57: MMCZ | D57: C205 | F57: 46266.681 | G57: 12R | H57: DCT | I57: 15 | J57: V | K57: G | L57: 58 | M57: MMCZ | N57: 46266.693 | O57: 0 | P57: L | Q57: 15 | R57: =IF(G57="12R",_xlfn.XLOOKUP(C57,DB!$A$2:$A$222,DB!$B$2:$B$222,""),IF(G57="30L",_xlfn.XLOOKUP(C57,DB!$A$2:$A$222,DB!$C$2:$C$222,""),"")) -> CZM | S57: =HOUR(F57) -> 16 | T57: =_xlfn.XLOOKUP(C57,DB!$A$2:$A$222,DB!$D$2:$D$222,"") -> Sector 7
A58: CMP262 | B58: MMUN | C58: MPTO | D58: B38M | E58: HP9809 | F58: 46266.682 | G58: 12R | H58: S12R T12R6 UN415 2053N08637W ALYRE TAKUX UM782 OMIRO/N0460F370 UM782 DELVI/N0457F390 UM782 ARNAL DCT DAGAS UM542 REPIT OSUPA2 | I58: 350 | J58: I | K58: S | L58: 150 | M58: TAKUX | N58: 46266.693 | O58: 260 | P58: M | Q58: 190 | R58: =IF(G58="12R",_xlfn.XLOOKUP(C58,DB!$A$2:$A$222,DB!$B$2:$B$222,""),IF(G58="30L",_xlfn.XLOOKUP(C58,DB!$A$2:$A$222,DB!$C$2:$C$222,""),"")) -> TAKUX | S58: =HOUR(F58) -> 16 | T58: =_xlfn.XLOOKUP(C58,DB!$A$2:$A$222,DB!$D$2:$D$222,"") -> Sector 7
A59: AAL1185 | B59: MMUN | C59: KJFK | D59: B38M | E59: N326RP | F59: 46266.684 | G59: 12R | H59: S12R SR00 SR01 SR02 SR03 ROTGI UM219 MYDIA M219 KNOST Q109 BRUTS DCT CRG DCT FEMON DCT CAKET DCT ELMSZ Q97 ELLDE DCT PAACK DCT SAWED DCT KALDA Q108 SIE CAMRN5 | I59: 370 | J59: I | K59: S | L59: 359 | M59: MYDIA | N59: 46266.705 | O59: 370 | P59: M | Q59: 40 | R59: =IF(G59="12R",_xlfn.XLOOKUP(C59,DB!$A$2:$A$222,DB!$B$2:$B$222,""),IF(G59="30L",_xlfn.XLOOKUP(C59,DB!$A$2:$A$222,DB!$C$2:$C$222,""),"")) -> OMSUK | S59: =HOUR(F59) -> 16 | T59: =_xlfn.XLOOKUP(C59,DB!$A$2:$A$222,DB!$D$2:$D$222,"") -> Sector 3
A60: VOI3930 | B60: MMUN | C60: MGGT | D60: A320 | E60: XAVOY | F60: 46266.685 | G60: 12R | H60: S12R T12R6 UN402 2050N08650W 2038N08651W UN611 CTM UG765 AUR DCT | I60: 380 | J60: I | K60: S | L60: 329 | M60: CTM | N60: 46266.705 | O60: 380 | P60: M | Q60: 190 | R60: =IF(G60="12R",_xlfn.XLOOKUP(C60,DB!$A$2:$A$222,DB!$B$2:$B$222,""),IF(G60="30L",_xlfn.XLOOKUP(C60,DB!$A$2:$A$222,DB!$C$2:$C$222,""),"")) -> CZM | S60: =HOUR(F60) -> 16 | T60: =_xlfn.XLOOKUP(C60,DB!$A$2:$A$222,DB!$D$2:$D$222,"") -> Sector 7
A61: TSC327 | B61: MMUN | C61: CYYZ | D61: A321 | E61: CGTCY | F61: 46266.686 | G61: 12R | H61: S12R SR00 SR01 SR02 SR03 SR04 SR05 SR06 SR07 SR08 SR09 OMSUK UM219 MYDIA M219 CIGAR DCT KNOST DCT CAMJO Q99 BLAAN Q69 RICCS DCT OXMAN LINNG3 | I61: 350 | J61: I | K61: S | L61: 361 | M61: MYDIA | N61: 46266.708 | O61: 350 | P61: M | Q61: 40 | R61: =IF(G61="12R",_xlfn.XLOOKUP(C61,DB!$A$2:$A$222,DB!$B$2:$B$222,""),IF(G61="30L",_xlfn.XLOOKUP(C61,DB!$A$2:$A$222,DB!$C$2:$C$222,""),"")) -> OMSUK | S61: =HOUR(F61) -> 16 | T61: =_xlfn.XLOOKUP(C61,DB!$A$2:$A$222,DB!$D$2:$D$222,"") -> Sector 3
A62: UAL1694 | B62: MMUN | C62: KIAD | D62: B39M | E62: N77588 | F62: 46266.688 | G62: 12R | H62: OMSUK2A OMSUK 2128N08646W 2133N08646W 2138N08647W 2151N08640W ROTGI UM219 MYDIA/N0461F350 M219 CIGAR M215 KNOST Q109 CAMJO Q99 OGRAE DCT BZNGA DCT DORRN CAVLR7 | I62: 330 | J62: I | K62: S | L62: 369 | M62: MYDIA | N62: 46266.71 | O62: 330 | P62: M | Q62: 40 | R62: =IF(G62="12R",_xlfn.XLOOKUP(C62,DB!$A$2:$A$222,DB!$B$2:$B$222,""),IF(G62="30L",_xlfn.XLOOKUP(C62,DB!$A$2:$A$222,DB!$C$2:$C$222,""),"")) -> OMSUK | S62: =HOUR(F62) -> 16 | T62: =_xlfn.XLOOKUP(C62,DB!$A$2:$A$222,DB!$D$2:$D$222,"") -> Sector 3
A63: VIV2152 | B63: MMUN | C63: MMTM | D63: A321 | E63: XAVCF | F63: 46266.689 | G63: 12R | H63: S12R T12R6 UN418 UN409 UN419 2052N08723W MIDWP LIDAM UT23 TAM DCT | I63: 360 | J63: I | K63: S | L63: 868 | M63: LIDAM | N63: 46266.735 | O63: 360 | P63: M | Q63: 190 | R63: =IF(G63="12R",_xlfn.XLOOKUP(C63,DB!$A$2:$A$222,DB!$B$2:$B$222,""),IF(G63="30L",_xlfn.XLOOKUP(C63,DB!$A$2:$A$222,DB!$C$2:$C$222,""),"")) -> UDGUV | S63: =HOUR(F63) -> 16 | T63: =_xlfn.XLOOKUP(C63,DB!$A$2:$A$222,DB!$D$2:$D$222,"") -> Sector 2
A64: VIV2284 | B64: MMUN | C64: MMSM | D64: A21N | E64: XAVXZ | F64: 46266.692 | G64: 12R | H64: UDGUV2A UDGUV UT78 MEDOS DCT UBVOV UT20 TAJIN DCT VITOS VITOS2A | I64: 360 | J64: I | K64: S | L64: 859 | M64: UBVOV | N64: 46266.738 | O64: 360 | P64: M | Q64: 190 | R64: =IF(G64="12R",_xlfn.XLOOKUP(C64,DB!$A$2:$A$222,DB!$B$2:$B$222,""),IF(G64="30L",_xlfn.XLOOKUP(C64,DB!$A$2:$A$222,DB!$C$2:$C$222,""),"")) -> UDGUV | S64: =HOUR(F64) -> 16 | T64: =_xlfn.XLOOKUP(C64,DB!$A$2:$A$222,DB!$D$2:$D$222,"") -> Sector 2
A65: JBU852 | B65: MMUN | C65: KJFK | D65: A320 | E65: N651JB | F65: 46266.693 | G65: 12R | H65: S12R SR00 SR01 SR02 SR03 ROTGI UM219 MYDIA M219 KNOST Q109 DFENC DCT SAWED Q108 SIE CAMRN5 | I65: 350 | J65: I | K65: S | L65: 359 | M65: MYDIA | N65: 46266.715 | O65: 350 | P65: M | Q65: 40 | R65: =IF(G65="12R",_xlfn.XLOOKUP(C65,DB!$A$2:$A$222,DB!$B$2:$B$222,""),IF(G65="30L",_xlfn.XLOOKUP(C65,DB!$A$2:$A$222,DB!$C$2:$C$222,""),"")) -> OMSUK | S65: =HOUR(F65) -> 16 | T65: =_xlfn.XLOOKUP(C65,DB!$A$2:$A$222,DB!$D$2:$D$222,"") -> Sector 3
A66: XAVGV | B66: MMUN | C66: XHOL | D66: C206 | F66: 46266.696 | G66: 12R | H66: DCT | I66: 15 | J66: V | K66: G | L66: 74 | M66: XHOL | N66: 46266.714 | O66: 0 | P66: L | Q66: 15 | R66: =IF(G66="12R",_xlfn.XLOOKUP(C66,DB!$A$2:$A$222,DB!$B$2:$B$222,""),IF(G66="30L",_xlfn.XLOOKUP(C66,DB!$A$2:$A$222,DB!$C$2:$C$222,""),"")) | S66: =HOUR(F66) -> 16 | T66: =_xlfn.XLOOKUP(C66,DB!$A$2:$A$222,DB!$D$2:$D$222,"")
A67: XBGPE | B67: MMUN | C67: MMUN | D67: C150 | F67: 46266.699 | G67: 12R | H67: LCLUN CUN | I67: 15 | J67: V | K67: G | L67: 134 | M67: MMUN | N67: 46266.748 | O67: 0 | P67: L | Q67: 15 | R67: =IF(G67="12R",_xlfn.XLOOKUP(C67,DB!$A$2:$A$222,DB!$B$2:$B$222,""),IF(G67="30L",_xlfn.XLOOKUP(C67,DB!$A$2:$A$222,DB!$C$2:$C$222,""),"")) | S67: =HOUR(F67) -> 16 | T67: =_xlfn.XLOOKUP(C67,DB!$A$2:$A$222,DB!$D$2:$D$222,"")
A68: VOI3938 | B68: MMUN | C68: MROC | D68: A320 | E68: N519VL | F68: 46266.7 | G68: 12R | H68: ALSUP1C ALSUP UB881 URIOS DCT GABIX DCT TUMEK DCT TIBUT DCT PIRAS BARRA4P | I68: 390 | J68: I | K68: S | L68: 219 | M68: ANIKO | N68: 46266.714 | O68: 379 | P68: M | Q68: 190 | R68: =IF(G68="12R",_xlfn.XLOOKUP(C68,DB!$A$2:$A$222,DB!$B$2:$B$222,""),IF(G68="30L",_xlfn.XLOOKUP(C68,DB!$A$2:$A$222,DB!$C$2:$C$222,""),"")) -> CZM | S68: =HOUR(F68) -> 16 | T68: =_xlfn.XLOOKUP(C68,DB!$A$2:$A$222,DB!$D$2:$D$222,"") -> Sector 7
A69: VIV2142 | B69: MMUN | C69: MMGL | D69: A321 | E69: XAVCC | F69: 46266.703 | G69: 12R | H69: S12R T12R6 UN418 UN409 UN419 2051N08727W 2051N08730W MID DCT LIDAM UT23 TAM UJ14 TMN UT147 AGU UT44 MEZCA MEZCA1A | I69: 340 | J69: I | K69: S | L69: 868 | M69: LIDAM | N69: 46266.749 | O69: 340 | P69: M | Q69: 190 | R69: =IF(G69="12R",_xlfn.XLOOKUP(C69,DB!$A$2:$A$222,DB!$B$2:$B$222,""),IF(G69="30L",_xlfn.XLOOKUP(C69,DB!$A$2:$A$222,DB!$C$2:$C$222,""),"")) -> UDGUV | S69: =HOUR(F69) -> 16 | T69: =_xlfn.XLOOKUP(C69,DB!$A$2:$A$222,DB!$D$2:$D$222,"") -> Sector 2
A70: CMP317 | B70: MMUN | C70: MPTO | D70: B38M | E70: HP9818 | F70: 46266.705 | G70: 12R | H70: S12R T12R6 UN415 2055N08640W ALYRE TAKUX UM782 ARNAL DCT DAGAS UM542 REPIT OSUPA2 | I70: 370 | J70: I | K70: S | L70: 150 | M70: TAKUX | N70: 46266.716 | O70: 261 | P70: M | Q70: 190 | R70: =IF(G70="12R",_xlfn.XLOOKUP(C70,DB!$A$2:$A$222,DB!$B$2:$B$222,""),IF(G70="30L",_xlfn.XLOOKUP(C70,DB!$A$2:$A$222,DB!$C$2:$C$222,""),"")) -> TAKUX | S70: =HOUR(F70) -> 16 | T70: =_xlfn.XLOOKUP(C70,DB!$A$2:$A$222,DB!$D$2:$D$222,"") -> Sector 7
A71: VIV2254 | B71: MMUN | C71: MMTG | D71: A20N | E71: XAVMG | F71: 46266.706 | G71: 12R | H71: S12R T12R6 UN418 UN409 2053N08715W 2052N08719W PQE/N0329A180 V51 SAXAV V51 TGZ DCT | I71: 380 | J71: I | K71: S | L71: 830 | M71: MMTG | N71: 46266.757 | O71: 15 | P71: M | Q71: 190 | R71: =IF(G71="12R",_xlfn.XLOOKUP(C71,DB!$A$2:$A$222,DB!$B$2:$B$222,""),IF(G71="30L",_xlfn.XLOOKUP(C71,DB!$A$2:$A$222,DB!$C$2:$C$222,""),"")) -> UDGUV | S71: =HOUR(F71) -> 16 | T71: =_xlfn.XLOOKUP(C71,DB!$A$2:$A$222,DB!$D$2:$D$222,"") -> Sector 2
A72: TSC539 | B72: MMUN | C72: CYUL | D72: A321 | E72: CFTXQ | F72: 46266.707 | G72: 12R | H72: S12R SR00 SR01 SR02 OMSUK M219 ROTGI UM219 MYDIA M219 KNOST DCT CAMJO/N0454F370 Q99 BLAAN Q69 RICCS DCT PSB DCT SYR DCT ART IMPAC4 | I72: 350 | J72: I | K72: S | L72: 360 | M72: MYDIA | N72: 46266.729 | O72: 350 | P72: M | Q72: 40 | R72: =IF(G72="12R",_xlfn.XLOOKUP(C72,DB!$A$2:$A$222,DB!$B$2:$B$222,""),IF(G72="30L",_xlfn.XLOOKUP(C72,DB!$A$2:$A$222,DB!$C$2:$C$222,""),"")) -> OMSUK | S72: =HOUR(F72) -> 16 | T72: =_xlfn.XLOOKUP(C72,DB!$A$2:$A$222,DB!$D$2:$D$222,"") -> Sector 3
A73: AMX523 | B73: MMUN | C73: MMMX | D73: B39M | E73: N837AM | F73: 46266.711 | G73: 12R | H73: S12R T12R6 UN418 2056N08656W 2054N08703W 2049N08711W 2049N08810W 2049N08811W 2050N08941W UBVOV UT101 RIBET/N0456F360 UT101 UMAVO/N0458F300 UT101 ENAGA ENAGA3A | I73: 360 | J73: I | K73: S | L73: 861 | M73: UBVOV | N73: 46266.756 | O73: 360 | P73: M | Q73: 190 | R73: =IF(G73="12R",_xlfn.XLOOKUP(C73,DB!$A$2:$A$222,DB!$B$2:$B$222,""),IF(G73="30L",_xlfn.XLOOKUP(C73,DB!$A$2:$A$222,DB!$C$2:$C$222,""),"")) -> UDGUV | S73: =HOUR(F73) -> 17 | T73: =_xlfn.XLOOKUP(C73,DB!$A$2:$A$222,DB!$D$2:$D$222,"") -> Sector 2
A74: AAL2792 | B74: MMUN | C74: KCLT | D74: A321 | E74: N189UW | F74: 46266.716 | G74: 12R | H74: S12R SR00 SR01 SR02 ROTGI UM219 MYDIA M219 KNOST/N0449F350 DCT DEANR DCT BRUTS Q109 CAMJO DCT TWINS DCT PONZE BANKR7 | I74: 330 | J74: I | K74: S | L74: 359 | M74: MYDIA | N74: 46266.737 | O74: 330 | P74: M | Q74: 40 | R74: =IF(G74="12R",_xlfn.XLOOKUP(C74,DB!$A$2:$A$222,DB!$B$2:$B$222,""),IF(G74="30L",_xlfn.XLOOKUP(C74,DB!$A$2:$A$222,DB!$C$2:$C$222,""),"")) -> OMSUK | S74: =HOUR(F74) -> 17 | T74: =_xlfn.XLOOKUP(C74,DB!$A$2:$A$222,DB!$D$2:$D$222,"") -> Sector 3
A75: AAL1068 | B75: MMUN | C75: KDFW | D75: A321 | E75: N129AA | F75: 46266.721 | G75: 12R | H75: S12R SR00 SR01 SR02 SR03 SR04 SR05 SR06 SR07 SR08 N9N SR10 2108N08648W SR12 SR14 N4N N32N 2121N08646W 2122N08646W 2140N08651W 2240N08722W 2243N08723W KEHLI A770 LEV/N0439F260 DCT LSU DCT AEX DCT PNUTS BEREE3 | I75: 360 | J75: I | K75: S | L75: 553 | M75: KEHLI | N75: 46266.75 | O75: 340 | P75: M | Q75: 40 | R75: =IF(G75="12R",_xlfn.XLOOKUP(C75,DB!$A$2:$A$222,DB!$B$2:$B$222,""),IF(G75="30L",_xlfn.XLOOKUP(C75,DB!$A$2:$A$222,DB!$C$2:$C$222,""),"")) -> ENEBA | S75: =HOUR(F75) -> 17 | T75: =_xlfn.XLOOKUP(C75,DB!$A$2:$A$222,DB!$D$2:$D$222,"") -> Sector 3
A76: UAL1196 | B76: MMUN | C76: KORD | D76: B739 | E76: N69804 | F76: 46266.722 | G76: 12R | H76: S12R SR00 SR01 SR02 SR03 SR04 SR05 SR06 SR07 SR08 SR09 SR10 2108N08648W 2109N08648W 2118N08643W 2149N08655W IRDOV L214 PLNDR/N0462F340 DCT MCB/N0461F330 DCT MEMFS/N0452F360 DCT FTZ TRTLL6 | I76: 320 | J76: I | K76: S | L76: 440 | M76: IRDOV | N76: 46266.747 | O76: 320 | P76: M | Q76: 40 | R76: =IF(G76="12R",_xlfn.XLOOKUP(C76,DB!$A$2:$A$222,DB!$B$2:$B$222,""),IF(G76="30L",_xlfn.XLOOKUP(C76,DB!$A$2:$A$222,DB!$C$2:$C$222,""),"")) -> ENEBA | S76: =HOUR(F76) -> 17 | T76: =_xlfn.XLOOKUP(C76,DB!$A$2:$A$222,DB!$D$2:$D$222,"") -> Sector 3
A77: JBU1796 | B77: MMUN | C77: KFLL | D77: A320 | E77: N809JB | F77: 46266.727 | G77: 12R | H77: NUDAL1A NUDAL UV106 PODON UG765 MAXIM BHHIA3 | I77: 350 | J77: I | K77: S | L77: 136 | M77: NUDAL | N77: 46266.737 | O77: 257 | P77: M | Q77: 190 | R77: =IF(G77="12R",_xlfn.XLOOKUP(C77,DB!$A$2:$A$222,DB!$B$2:$B$222,""),IF(G77="30L",_xlfn.XLOOKUP(C77,DB!$A$2:$A$222,DB!$C$2:$C$222,""),"")) -> NUDAL | S77: =HOUR(F77) -> 17 | T77: =_xlfn.XLOOKUP(C77,DB!$A$2:$A$222,DB!$D$2:$D$222,"") -> Sector 3
A78: AAL2175 | B78: MMUN | C78: KPHL | D78: A321 | E78: N924US | F78: 46266.732 | G78: 12R | H78: S12R SR00 SR01 SR02 SR03 ROTGI UM219 MYDIA M219 KNOST Q109 CAMJO Q99 PEETT DCT BBDOL PAATS4 | I78: 330 | J78: I | K78: S | L78: 359 | M78: MYDIA | N78: 46266.753 | O78: 330 | P78: M | Q78: 40 | R78: =IF(G78="12R",_xlfn.XLOOKUP(C78,DB!$A$2:$A$222,DB!$B$2:$B$222,""),IF(G78="30L",_xlfn.XLOOKUP(C78,DB!$A$2:$A$222,DB!$C$2:$C$222,""),"")) -> ENEBA | S78: =HOUR(F78) -> 17 | T78: =_xlfn.XLOOKUP(C78,DB!$A$2:$A$222,DB!$D$2:$D$222,"") -> Sector 3
A79: DWI7007 | B79: MMUN | C79: MDPC | D79: B38M | E79: HI1134 | F79: 46266.735 | G79: 12R | H79: S12R T12R6 UN415 2052N08635W ALYRE TAKUX DCT MAMBI UL577 ITMAD/N0451F390 UL577 CDO UT15 NADAX NADAX1W | I79: 370 | J79: I | K79: S | L79: 151 | M79: TAKUX | N79: 46266.746 | O79: 240 | P79: M | Q79: 190 | R79: =IF(G79="12R",_xlfn.XLOOKUP(C79,DB!$A$2:$A$222,DB!$B$2:$B$222,""),IF(G79="30L",_xlfn.XLOOKUP(C79,DB!$A$2:$A$222,DB!$C$2:$C$222,""),"")) -> HECAT | S79: =HOUR(F79) -> 17 | T79: =_xlfn.XLOOKUP(C79,DB!$A$2:$A$222,DB!$D$2:$D$222,"") -> Sector 7
A80: N1932M | B80: MMUN | C80: MMAN | D80: E55P | F80: 46266.736 | G80: 12R | H80: S12R T12R6 2058N08652W 2052N08725W 2051N08728W 2053N08808W 2054N08842W 2055N08848W 2055N08853W NOTEN UT37 SESNO UJ15E RETOS DCT | I80: 430 | J80: I | K80: G | L80: 869 | M80: NOTEN | N80: 46266.783 | O80: 430 | P80: M | Q80: 30 | R80: =IF(G80="12R",_xlfn.XLOOKUP(C80,DB!$A$2:$A$222,DB!$B$2:$B$222,""),IF(G80="30L",_xlfn.XLOOKUP(C80,DB!$A$2:$A$222,DB!$C$2:$C$222,""),"")) -> UDGUV | S80: =HOUR(F80) -> 17 | T80: =_xlfn.XLOOKUP(C80,DB!$A$2:$A$222,DB!$D$2:$D$222,"") -> Sector 2
A81: SWA219 | B81: MMUN | C81: KMDW | D81: B737 | E81: N7747C | F81: 46266.738 | G81: 12R | H81: S12R 2100N08649W NC01 NC011 2102N08646W 2130N08652W IRDOV L214 LEV/N0458F370 DCT HRV/N0458F380 DCT MCB/N0455F390 J35 MEM/N0452F380 J35 FAM/N0450F390 DCT SPI DCT PHEEB ENDEE8 | I81: 360 | J81: I | K81: S | L81: 426 | M81: IRDOV | N81: 46266.761 | O81: 360 | P81: M | Q81: 40 | R81: =IF(G81="12R",_xlfn.XLOOKUP(C81,DB!$A$2:$A$222,DB!$B$2:$B$222,""),IF(G81="30L",_xlfn.XLOOKUP(C81,DB!$A$2:$A$222,DB!$C$2:$C$222,""),"")) -> OMSUK | S81: =HOUR(F81) -> 17 | T81: =_xlfn.XLOOKUP(C81,DB!$A$2:$A$222,DB!$D$2:$D$222,"") -> Sector 3
A82: VIV2168 | B82: MMUN | C82: MMMY | D82: A320 | E82: XAVAO | F82: 46266.74 | G82: 12R | H82: S12R T12R6 UN418 UN409 MID DCT NOTEN UT37 SESNO UJ15E RETOS RETOS1A | I82: 380 | J82: I | K82: S | L82: 876 | M82: NOTEN | N82: 46266.785 | O82: 380 | P82: M | Q82: 190 | R82: =IF(G82="12R",_xlfn.XLOOKUP(C82,DB!$A$2:$A$222,DB!$B$2:$B$222,""),IF(G82="30L",_xlfn.XLOOKUP(C82,DB!$A$2:$A$222,DB!$C$2:$C$222,""),"")) -> UDGUV | S82: =HOUR(F82) -> 17 | T82: =_xlfn.XLOOKUP(C82,DB!$A$2:$A$222,DB!$D$2:$D$222,"") -> Sector 2
A83: AVA257 | B83: MMUN | C83: SKBO | D83: A20N | E83: HK5368 | F83: 46266.741 | G83: 12R | H83: S12R T12R6 ALYRE TAKUX UM782 MEVUB UP406 AKPEK DCT RNG DCT ISVAT ISVA5E | I83: 390 | J83: I | K83: S | L83: 149 | M83: TAKUX | N83: 46266.751 | O83: 325 | P83: M | Q83: 190 | R83: =IF(G83="12R",_xlfn.XLOOKUP(C83,DB!$A$2:$A$222,DB!$B$2:$B$222,""),IF(G83="30L",_xlfn.XLOOKUP(C83,DB!$A$2:$A$222,DB!$C$2:$C$222,""),"")) -> TAKUX | S83: =HOUR(F83) -> 17 | T83: =_xlfn.XLOOKUP(C83,DB!$A$2:$A$222,DB!$D$2:$D$222,"") -> Sector 7
A84: VIV2026 | B84: MMUN | C84: MMPB | D84: A20N | E84: XAVIH | F84: 46266.744 | G84: 12R | H84: S12R T12R6 UN418 DURPI DCT UBVOV UT101 ENAGA DCT OTAGO DCT ATUKA ATUKA1B | I84: 380 | J84: I | K84: S | L84: 858 | M84: UBVOV | N84: 46266.789 | O84: 380 | P84: M | Q84: 190 | R84: =IF(G84="12R",_xlfn.XLOOKUP(C84,DB!$A$2:$A$222,DB!$B$2:$B$222,""),IF(G84="30L",_xlfn.XLOOKUP(C84,DB!$A$2:$A$222,DB!$C$2:$C$222,""),"")) -> UDGUV | S84: =HOUR(F84) -> 17 | T84: =_xlfn.XLOOKUP(C84,DB!$A$2:$A$222,DB!$D$2:$D$222,"") -> Sector 2
A85: SWA328 | B85: MMUN | C85: KHOU | D85: B737 | E85: N901WN | F85: 46266.75 | G85: 12R | H85: S12R 2101N08651W 2100N08649W 2100N08647W 2101N08645W NC04 2107N08649W NOSUG 2219N08658W 2227N08657W IPSEV L207 SEAGL BAYYY5 | I85: 380 | J85: I | K85: S | L85: 786 | M85: IPSEV | N85: 46266.789 | O85: 380 | P85: M | Q85: 40 | R85: =IF(G85="12R",_xlfn.XLOOKUP(C85,DB!$A$2:$A$222,DB!$B$2:$B$222,""),IF(G85="30L",_xlfn.XLOOKUP(C85,DB!$A$2:$A$222,DB!$C$2:$C$222,""),"")) -> ENEBA | S85: =HOUR(F85) -> 18 | T85: =_xlfn.XLOOKUP(C85,DB!$A$2:$A$222,DB!$D$2:$D$222,"") -> Sector 3
A86: AVA269 | B86: MMUN | C86: SKRG | D86: A20N | E86: N965AV | F86: 46266.752 | G86: 12R | H86: S12R T12R6 ALYRE TAKUX UM782 MEVUB UP406 AKPEK AKPE4C | I86: 390 | J86: I | K86: S | L86: 149 | M86: TAKUX | N86: 46266.762 | O86: 320 | P86: M | Q86: 190 | R86: =IF(G86="12R",_xlfn.XLOOKUP(C86,DB!$A$2:$A$222,DB!$B$2:$B$222,""),IF(G86="30L",_xlfn.XLOOKUP(C86,DB!$A$2:$A$222,DB!$C$2:$C$222,""),"")) -> TAKUX | S86: =HOUR(F86) -> 18 | T86: =_xlfn.XLOOKUP(C86,DB!$A$2:$A$222,DB!$D$2:$D$222,"") -> Sector 7
A87: VOI1055 | B87: MMUN | C87: MMGL | D87: A21N | E87: XAVUK | F87: 46266.754 | G87: 12R | H87: S12R T12R6 2058N08652W 2058N08702W 2101N08717W 2057N08722W 2056N08727W NUBIT DCT RIBET UT101 UMAVO/N0440F300 UT101 ENAGA DCT OVAGO UT123 IKLOK/N0431F260 UT123 IGSON/N0331F160 IGSON1B | I87: 360 | J87: I | K87: S | L87: 860 | M87: NUBIT | N87: 46266.8 | O87: 360 | P87: M | Q87: 190 | R87: =IF(G87="12R",_xlfn.XLOOKUP(C87,DB!$A$2:$A$222,DB!$B$2:$B$222,""),IF(G87="30L",_xlfn.XLOOKUP(C87,DB!$A$2:$A$222,DB!$C$2:$C$222,""),"")) -> UDGUV | S87: =HOUR(F87) -> 18 | T87: =_xlfn.XLOOKUP(C87,DB!$A$2:$A$222,DB!$D$2:$D$222,"") -> Sector 2
A88: DAL618 | B88: MMUN | C88: KDTW | D88: B739 | E88: N928DU | F88: 46266.756 | G88: 12R | H88: S12R SR00 SR01 SR02 SR03 SR04 SR05 SR06 SR07 NOSUG UT27 OMVIP UT45 IRDOV L214 LEV J31 HRV DCT MCB J35 MCGEE DCT IZAAC/N0471F330 DCT XESSS DCT MEMFS DCT VISQA J29 PXV DCT WWODD HANBL3 | I88: 340 | J88: I | K88: S | L88: 446 | M88: IRDOV | N88: 46266.78 | O88: 340 | P88: M | Q88: 40 | R88: =IF(G88="12R",_xlfn.XLOOKUP(C88,DB!$A$2:$A$222,DB!$B$2:$B$222,""),IF(G88="30L",_xlfn.XLOOKUP(C88,DB!$A$2:$A$222,DB!$C$2:$C$222,""),"")) -> OMSUK | S88: =HOUR(F88) -> 18 | T88: =_xlfn.XLOOKUP(C88,DB!$A$2:$A$222,DB!$D$2:$D$222,"") -> Sector 3
A89: VIV2198 | B89: MMUN | C89: MMMY | D89: A21N | E89: XAVXD | F89: 46266.757 | G89: 12R | H89: S12R T12R6 UN418 UN409 2056N08855W IZAML NOTEN/N0451F380 UT37 SESNO UJ15E RETOS RETOS1A | I89: 360 | J89: I | K89: S | L89: 870 | M89: NOTEN | N89: 46266.801 | O89: 360 | P89: M | Q89: 190 | R89: =IF(G89="12R",_xlfn.XLOOKUP(C89,DB!$A$2:$A$222,DB!$B$2:$B$222,""),IF(G89="30L",_xlfn.XLOOKUP(C89,DB!$A$2:$A$222,DB!$C$2:$C$222,""),"")) -> UDGUV | S89: =HOUR(F89) -> 18 | T89: =_xlfn.XLOOKUP(C89,DB!$A$2:$A$222,DB!$D$2:$D$222,"") -> Sector 2
A90: DAL620 | B90: MMUN | C90: KJFK | D90: A21N | E90: N578DN | F90: 46266.758 | G90: 12R | H90: S12R SR00 SR01 SR02 SR03 SR04 ROTGI UM219 MYDIA M219 KNOST Q109 YURCK Q97 SAWED Q108 SIE CAMRN5 | I90: 330 | J90: I | K90: S | L90: 359 | M90: MYDIA | N90: 46266.778 | O90: 330 | P90: M | Q90: 40 | R90: =IF(G90="12R",_xlfn.XLOOKUP(C90,DB!$A$2:$A$222,DB!$B$2:$B$222,""),IF(G90="30L",_xlfn.XLOOKUP(C90,DB!$A$2:$A$222,DB!$C$2:$C$222,""),"")) -> OMSUK | S90: =HOUR(F90) -> 18 | T90: =_xlfn.XLOOKUP(C90,DB!$A$2:$A$222,DB!$D$2:$D$222,"") -> Sector 3
A91: UAL1948 | B91: MMUN | C91: KSFO | D91: B39M | E91: N37548 | F91: 46266.761 | G91: 12R | H91: S12R 2101N08651W 2058N08651W 2056N08904W MD611 NOTEN UT37 SESNO DCT MTY UT11 PPE J93 AXASA DCT ASUTA J93 PDZ DCT COREZ DCT MAKRS DCT SERFR SERFR4 | I91: 320 | J91: I | K91: S | L91: 869 | M91: NOTEN | N91: 46266.805 | O91: 340 | P91: M | Q91: 190 | R91: =IF(G91="12R",_xlfn.XLOOKUP(C91,DB!$A$2:$A$222,DB!$B$2:$B$222,""),IF(G91="30L",_xlfn.XLOOKUP(C91,DB!$A$2:$A$222,DB!$C$2:$C$222,""),"")) -> UDGUV | S91: =HOUR(F91) -> 18 | T91: =_xlfn.XLOOKUP(C91,DB!$A$2:$A$222,DB!$D$2:$D$222,"") -> Sector 2
A92: XBLFF | B92: MMUN | C92: MMTO | D92: LJ60 | E92: XBLFF | F92: 46266.762 | G92: 12R | H92: S12R 2101N08650W 2058N08651W 2053N08718W UN419 UBVOV UT20 PAZ UT104 LENUL DCT | I92: 400 | J92: I | K92: G | L92: 858 | M92: UBVOV | N92: 46266.807 | O92: 400 | P92: M | Q92: 30 | R92: =IF(G92="12R",_xlfn.XLOOKUP(C92,DB!$A$2:$A$222,DB!$B$2:$B$222,""),IF(G92="30L",_xlfn.XLOOKUP(C92,DB!$A$2:$A$222,DB!$C$2:$C$222,""),"")) -> UDGUV | S92: =HOUR(F92) -> 18 | T92: =_xlfn.XLOOKUP(C92,DB!$A$2:$A$222,DB!$D$2:$D$222,"") -> Sector 2
... A104: VIV2280 | B104: MMUN | C104: MMSM | D104: A20N | E104: XAVMH | F104: 46266.784 | G104: 12R | H104: S12R T12R6 UN418 UN409 2053N08717W 2053N08723W UBVOV UT20 TAJIN DCT VITOS VITOS2A | I104: 380 | J104: I | K104: S | L104: 858 | M104: UBVOV | N104: 46266.829 | O104: 380 | P104: M | Q104: 190 | R104: =IF(G104="12R",_xlfn.XLOOKUP(C104,DB!$A$2:$A$222,DB!$B$2:$B$222,""),IF(G104="30L",_xlfn.XLOOKUP(C104,DB!$A$2:$A$222,DB!$C$2:$C$222,""),"")) -> UDGUV | S104: =HOUR(F104) -> 18 | T104: =_xlfn.XLOOKUP(C104,DB!$A$2:$A$222,DB!$D$2:$D$222,"") -> Sector 2
A105: XBGPE | B105: MMUN | C105: MMCZ | D105: C150 | F105: 46266.785 | G105: 12R | H105: 2100N08653W 2052N08701W 2044N08658W | I105: 15 | J105: V | K105: G | L105: 65 | M105: MMCZ | N105: 46266.805 | O105: 0 | P105: L | Q105: 15 | R105: =IF(G105="12R",_xlfn.XLOOKUP(C105,DB!$A$2:$A$222,DB!$B$2:$B$222,""),IF(G105="30L",_xlfn.XLOOKUP(C105,DB!$A$2:$A$222,DB!$C$2:$C$222,""),"")) -> CZM | S105: =HOUR(F105) -> 18 | T105: =_xlfn.XLOOKUP(C105,DB!$A$2:$A$222,DB!$D$2:$D$222,"") -> Sector 7
A106: VIV2184 | B106: MMUN | C106: MMCU | D106: A21N | E106: XAVBA | F106: 46266.788 | G106: 12R | H106: S12R T12R6 UN418 2055N08658W 2053N08711W MID DCT NOTEN UT37 ULUMA DCT MTY UT11 SINLO SINLO1A | I106: 360 | J106: I | K106: S | L106: 877 | M106: NOTEN | N106: 46266.832 | O106: 360 | P106: M | Q106: 190 | R106: =IF(G106="12R",_xlfn.XLOOKUP(C106,DB!$A$2:$A$222,DB!$B$2:$B$222,""),IF(G106="30L",_xlfn.XLOOKUP(C106,DB!$A$2:$A$222,DB!$C$2:$C$222,""),"")) -> UDGUV | S106: =HOUR(F106) -> 18 | T106: =_xlfn.XLOOKUP(C106,DB!$A$2:$A$222,DB!$D$2:$D$222,"") -> Sector 2
A107: UAL1056 | B107: MMUN | C107: KIAH | D107: B739 | E107: N37468 | F107: 46266.79 | G107: 12R | H107: UDGUV2A UDGUV DCT MID NOTEN UT37 EBDUB DCT NUGUS/N0473F330 UJ59 MAM/N0475F320 DCT CRP HTOWN3 | I107: 320 | J107: I | K107: S | L107: 878 | M107: NOTEN | N107: 46266.833 | O107: 320 | P107: M | Q107: 190 | R107: =IF(G107="12R",_xlfn.XLOOKUP(C107,DB!$A$2:$A$222,DB!$B$2:$B$222,""),IF(G107="30L",_xlfn.XLOOKUP(C107,DB!$A$2:$A$222,DB!$C$2:$C$222,""),"")) -> ENEBA | S107: =HOUR(F107) -> 18 | T107: =_xlfn.XLOOKUP(C107,DB!$A$2:$A$222,DB!$D$2:$D$222,"") -> Sector 3
A108: AAL2219 | B108: MMUN | C108: KDFW | D108: A321 | E108: N905AU | F108: 46266.79 | G108: 12R | H108: S12R SR00 SR01 SR02 SR03 SR04 SR05 ENEBA 2151N08656W 2221N08705W 2234N08710W KEHLI A770 LEV DCT LSU DCT AEX DCT PNUTS BEREE3 | I108: 300 | J108: I | K108: S | L108: 544 | M108: KEHLI | N108: 46266.819 | O108: 340 | P108: M | Q108: 40 | R108: =IF(G108="12R",_xlfn.XLOOKUP(C108,DB!$A$2:$A$222,DB!$B$2:$B$222,""),IF(G108="30L",_xlfn.XLOOKUP(C108,DB!$A$2:$A$222,DB!$C$2:$C$222,""),"")) -> ENEBA | S108: =HOUR(F108) -> 18 | T108: =_xlfn.XLOOKUP(C108,DB!$A$2:$A$222,DB!$D$2:$D$222,"") -> Sector 3
A109: XAVGV | B109: MMUN | C109: XHOL | D109: C206 | F109: 46266.792 | G109: 12R | H109: 2102N08651W 2114N08655W | I109: 15 | J109: V | K109: G | L109: 82 | M109: XHOL | N109: 46266.811 | O109: 0 | P109: L | Q109: 15 | R109: =IF(G109="12R",_xlfn.XLOOKUP(C109,DB!$A$2:$A$222,DB!$B$2:$B$222,""),IF(G109="30L",_xlfn.XLOOKUP(C109,DB!$A$2:$A$222,DB!$C$2:$C$222,""),"")) | S109: =HOUR(F109) -> 19 | T109: =_xlfn.XLOOKUP(C109,DB!$A$2:$A$222,DB!$D$2:$D$222,"")
A110: THY182 | B110: MMUN | C110: LTFM | D110: B789 | E110: TCLLA | F110: 46266.798 | G110: 12R | H110: NUDAL1A NUDAL UV106 PODON UG765 MAXIM Y262 ZFP BR65V STIFF A699 SUMRS/M084F350 M204 SOORY/N0481F370 DCT 43N050W DCT 45N040W/M084F370 DCT 47N030W DCT 48N020W DCT 48N015W DCT ETIKI DCT REGHI/N0481F380 DCT OZNOH UN29 BULOX DCT TABOV/N0480F390 UN491 POGZI DCT GELTA DCT LUVAL/N0480F390 DCT BEGAR DCT TRA/N0484F390 DCT GAMSA/N0482F370 DCT GEDSO/N0481F370 DCT LUMUS/N0479F370 DCT BERTA DCT OKLOP DCT ETIDA M19 ADVER DCT ROVAM DCT SOPIS T390 RILEX | I110: 350 | J110: I | K110: S | L110: 136 | M110: NUDAL | N110: 46266.807 | O110: 224 | P110: H | Q110: 190 | R110: =IF(G110="12R",_xlfn.XLOOKUP(C110,DB!$A$2:$A$222,DB!$B$2:$B$222,""),IF(G110="30L",_xlfn.XLOOKUP(C110,DB!$A$2:$A$222,DB!$C$2:$C$222,""),"")) -> NUDAL | S110: =HOUR(F110) -> 19 | T110: =_xlfn.XLOOKUP(C110,DB!$A$2:$A$222,DB!$D$2:$D$222,"") -> Sector 3
A111: ACA2411 | B111: MMUN | C111: CYYZ | D111: B77W | E111: CFIUR | F111: 46266.799 | G111: 12R | H111: S12R SR00 ROTGI UM219 MYDIA/M085F350 M219 CULLY/N0502F350 M219 KNOST/N0495F370 DCT CAMJO Q99 BLAAN Q69 RICCS DCT OXMAN LINNG3 | I111: 350 | J111: I | K111: N | L111: 356 | M111: MYDIA | N111: 46266.818 | O111: 350 | P111: H | Q111: 40 | R111: =IF(G111="12R",_xlfn.XLOOKUP(C111,DB!$A$2:$A$222,DB!$B$2:$B$222,""),IF(G111="30L",_xlfn.XLOOKUP(C111,DB!$A$2:$A$222,DB!$C$2:$C$222,""),"")) -> OMSUK | S111: =HOUR(F111) -> 19 | T111: =_xlfn.XLOOKUP(C111,DB!$A$2:$A$222,DB!$D$2:$D$222,"") -> Sector 3
A112: DAL641 | B112: MMUN | C112: KATL | D112: A321 | E112: N356DN | F112: 46266.801 | G112: 12R | H112: S12R SR00 SR01 SR02 SR03 SR04 2102N08644W ROTGI UM219 MYDIA M219 CIGAR M215 KNOST DCT CAMJO DCT LAIRI DCT LARZZ SITTH3 | I112: 350 | J112: I | K112: S | L112: 359 | M112: MYDIA | N112: 46266.821 | O112: 330 | P112: M | Q112: 40 | R112: =IF(G112="12R",_xlfn.XLOOKUP(C112,DB!$A$2:$A$222,DB!$B$2:$B$222,""),IF(G112="30L",_xlfn.XLOOKUP(C112,DB!$A$2:$A$222,DB!$C$2:$C$222,""),"")) -> ENEBA | S112: =HOUR(F112) -> 19 | T112: =_xlfn.XLOOKUP(C112,DB!$A$2:$A$222,DB!$D$2:$D$222,"") -> Sector 3
A113: CMP326 | B113: MMUN | C113: MPTO | D113: B738 | E113: HP1856 | F113: 46266.802 | G113: 12R | H113: S12R 2101N08651W CN01 TAKUX UM782 OMIRO/N0456F370 UN420 PELRA DCT SPP DCT MORLI OSUPA2 | I113: 350 | J113: I | K113: S | L113: 149 | M113: TAKUX | N113: 46266.812 | O113: 253 | P113: M | Q113: 190 | R113: =IF(G113="12R",_xlfn.XLOOKUP(C113,DB!$A$2:$A$222,DB!$B$2:$B$222,""),IF(G113="30L",_xlfn.XLOOKUP(C113,DB!$A$2:$A$222,DB!$C$2:$C$222,""),"")) -> TAKUX | S113: =HOUR(F113) -> 19 | T113: =_xlfn.XLOOKUP(C113,DB!$A$2:$A$222,DB!$D$2:$D$222,"") -> Sector 7
A114: SWA306 | B114: MMUN | C114: KHOU | D114: B737 | E114: N7724A | F114: 46266.803 | G114: 12R | H114: S12R 2100N08647W CN03 2151N08656W 2201N08657W KEHLI A766 KELPP PUCKS4 | I114: 380 | J114: I | K114: S | L114: 530 | M114: KEHLI | N114: 46266.83 | O114: 380 | P114: M | Q114: 40 | R114: =IF(G114="12R",_xlfn.XLOOKUP(C114,DB!$A$2:$A$222,DB!$B$2:$B$222,""),IF(G114="30L",_xlfn.XLOOKUP(C114,DB!$A$2:$A$222,DB!$C$2:$C$222,""),"")) -> ENEBA | S114: =HOUR(F114) -> 19 | T114: =_xlfn.XLOOKUP(C114,DB!$A$2:$A$222,DB!$D$2:$D$222,"") -> Sector 3
A115: AAL2665 | B115: MMUN | C115: KMIA | D115: A321 | E115: N933AM | F115: 46266.805 | G115: 12R | H115: S12R T12R6 UN415 UN413 FRANT UG765 MAXIM SNDBR3 | I115: 350 | J115: I | K115: S | L115: 137 | M115: 2134N08548W | N115: 46266.814 | O115: 215 | P115: M | Q115: 190 | R115: =IF(G115="12R",_xlfn.XLOOKUP(C115,DB!$A$2:$A$222,DB!$B$2:$B$222,""),IF(G115="30L",_xlfn.XLOOKUP(C115,DB!$A$2:$A$222,DB!$C$2:$C$222,""),"")) -> NUDAL | S115: =HOUR(F115) -> 19 | T115: =_xlfn.XLOOKUP(C115,DB!$A$2:$A$222,DB!$D$2:$D$222,"") -> Sector 3
A116: DAL1911 | B116: MMUN | C116: KDTW | D116: B739 | E116: N841DN | F116: 46266.806 | G116: 12R | H116: S12R SR00 SR01 SR02 SR03 SR04 SR05 SR06 SR07 SR08 SR09 SR10 SR11 SR12 SR13 SR14 SR15 SR16 2118N08650W NOSUG UT27 PISAD L333 HRV DCT MCB DCT MEMFS/N0459F350 DCT PXV DCT WWODD HANBL3 | I116: 340 | J116: I | K116: S | L116: 391 | M116: PISAD | N116: 46266.827 | O116: 340 | P116: M | Q116: 40 | R116: =IF(G116="12R",_xlfn.XLOOKUP(C116,DB!$A$2:$A$222,DB!$B$2:$B$222,""),IF(G116="30L",_xlfn.XLOOKUP(C116,DB!$A$2:$A$222,DB!$C$2:$C$222,""),"")) -> OMSUK | S116: =HOUR(F116) -> 19 | T116: =_xlfn.XLOOKUP(C116,DB!$A$2:$A$222,DB!$D$2:$D$222,"") -> Sector 3
A117: DAL597 | B117: MMUN | C117: KATL | D117: A321 | E117: N316DN | F117: 46266.808 | G117: 12R | H117: S12R 2104N08645W 2106N08645W ROTGI UM219 MYDIA M219 KNOST DCT AMORY Q110 JOKKY/N0454F360 Q110 DAWWN DCT BEORN GNDLF3 | I117: 350 | J117: I | K117: S | L117: 351 | M117: MYDIA | N117: 46266.828 | O117: 350 | P117: M | Q117: 40 | R117: =IF(G117="12R",_xlfn.XLOOKUP(C117,DB!$A$2:$A$222,DB!$B$2:$B$222,""),IF(G117="30L",_xlfn.XLOOKUP(C117,DB!$A$2:$A$222,DB!$C$2:$C$222,""),"")) -> ENEBA | S117: =HOUR(F117) -> 19 | T117: =_xlfn.XLOOKUP(C117,DB!$A$2:$A$222,DB!$D$2:$D$222,"") -> Sector 3
A118: VOI3081 | B118: MMUN | C118: MMTJ | D118: A21N | E118: XAVUJ | F118: 46266.811 | G118: 12R | H118: S12R T12R6 UN418 2055N08659W 2054N08703W 2051N08710W 2050N08718W 2050N08811W 2051N08814W 2052N08824W 2052N08826W 2103N08903W 2104N08904W 2106N08918W NOTEN UT37 ULUMA DCT MTY DCT TASTO DCT ILAMA UT41 NADIS DCT AVRIL/N0375F200 UJ3 TANRI TANRI1B | I118: 360 | J118: I | K118: S | L118: 871 | M118: NOTEN | N118: 46266.855 | O118: 360 | P118: M | Q118: 190 | R118: =IF(G118="12R",_xlfn.XLOOKUP(C118,DB!$A$2:$A$222,DB!$B$2:$B$222,""),IF(G118="30L",_xlfn.XLOOKUP(C118,DB!$A$2:$A$222,DB!$C$2:$C$222,""),"")) -> UDGUV | S118: =HOUR(F118) -> 19 | T118: =_xlfn.XLOOKUP(C118,DB!$A$2:$A$222,DB!$D$2:$D$222,"") -> Sector 2
A119: UAL1275 | B119: MMUN | C119: KLAX | D119: B739 | E119: N66808 | F119: 46266.812 | G119: 12R | H119: S12R T12R6 UN418 2056N08654W 2049N08717W UDGUV DCT 2054N08900W 2054N08903W NOTEN UT37 EBDUB DCT ETMES UJ53 REX DCT DLF/N0467F340 DCT KOBLE DCT ELP DCT CULTS J104 WLVRN DCT ESTWD HLYWD1 | I119: 340 | J119: I | K119: S | L119: 875 | M119: NOTEN | N119: 46266.856 | O119: 340 | P119: M | Q119: 190 | R119: =IF(G119="12R",_xlfn.XLOOKUP(C119,DB!$A$2:$A$222,DB!$B$2:$B$222,""),IF(G119="30L",_xlfn.XLOOKUP(C119,DB!$A$2:$A$222,DB!$C$2:$C$222,""),"")) -> UDGUV | S119: =HOUR(F119) -> 19 | T119: =_xlfn.XLOOKUP(C119,DB!$A$2:$A$222,DB!$D$2:$D$222,"") -> Sector 2
A120: VOI5587 | B120: MMUN | C120: MMMY | D120: A320 | E120: XAVLM | F120: 46266.815 | G120: 12R | H120: S12R T12R6 UN418 UN409 2055N08701W 2055N08704W 2055N08723W 2051N08800W 2050N08805W 2050N08812W 2049N08813W 2053N08837W 2053N08840W 2104N08905W 2105N08906W LCL5 NOTEN UT37 SESNO UJ15E RETOS RETOS1A | I120: 300 | J120: I | K120: S | L120: 871 | M120: NOTEN | N120: 46266.863 | O120: 300 | P120: M | Q120: 190 | R120: =IF(G120="12R",_xlfn.XLOOKUP(C120,DB!$A$2:$A$222,DB!$B$2:$B$222,""),IF(G120="30L",_xlfn.XLOOKUP(C120,DB!$A$2:$A$222,DB!$C$2:$C$222,""),"")) -> UDGUV | S120: =HOUR(F120) -> 19 | T120: =_xlfn.XLOOKUP(C120,DB!$A$2:$A$222,DB!$D$2:$D$222,"") -> Sector 2
A121: JBU1852 | B121: MMUN | C121: KJFK | D121: A21N | E121: N2038J | F121: 46266.816 | G121: 12R | H121: S12R 2101N08651W 2100N08649W SL0 ROTGI UM219 ALPUK 2327N08618W 2341N08624W 2345N08628W MYDIA M219 KNOST Q109 DFENC DCT SAWED Q108 SIE CAMRN5 | I121: 350 | J121: I | K121: S | L121: 366 | M121: MYDIA | N121: 46266.837 | O121: 350 | P121: M | Q121: 40 | R121: =IF(G121="12R",_xlfn.XLOOKUP(C121,DB!$A$2:$A$222,DB!$B$2:$B$222,""),IF(G121="30L",_xlfn.XLOOKUP(C121,DB!$A$2:$A$222,DB!$C$2:$C$222,""),"")) -> OMSUK | S121: =HOUR(F121) -> 19 | T121: =_xlfn.XLOOKUP(C121,DB!$A$2:$A$222,DB!$D$2:$D$222,"") -> Sector 3
... A168: AMX551 | B168: MMUN | C168: MMMX | D168: B738 | E168: N958AM | F168: 46266.986 | G168: 12R | H168: S12R T12R6 UN418 UN409 DURPI UT78 MEDOS UT20 UBVOV UT101 UMAVO/N0446F300 UT101 ENAGA ENAGA3A | I168: 380 | J168: I | K168: S | L168: 858 | M168: UBVOV | N168: 46267.032 | O168: 380 | P168: M | Q168: 190 | R168: =IF(G168="12R",_xlfn.XLOOKUP(C168,DB!$A$2:$A$222,DB!$B$2:$B$222,""),IF(G168="30L",_xlfn.XLOOKUP(C168,DB!$A$2:$A$222,DB!$C$2:$C$222,""),"")) -> UDGUV | S168: =HOUR(F168) -> 23 | T168: =_xlfn.XLOOKUP(C168,DB!$A$2:$A$222,DB!$D$2:$D$222,"") -> Sector 2
A172: GRAPHIC 1: DEPARTURES BY HOUR AND SID - TUE SEP 1, 2026
A173: Flights with ATD from 14:00 to 22:59 UTC · SID resolved by ADES and runway using DB
A175: HOURLY SUMMARY
A176: UTC Hour | B176: CZM | C176: ENEBA | D176: HECAT | E176: NUDAL | F176: OMSUK | G176: TAKUX | H176: UDGUV | I176: Total
A177: 14 | B177: =COUNTIFS($S$2:$S$168,$A177,$R$2:$R$168,B$176) -> 0 | C177: =COUNTIFS($S$2:$S$168,$A177,$R$2:$R$168,C$176) -> 0 | D177: =COUNTIFS($S$2:$S$168,$A177,$R$2:$R$168,D$176) -> 0 | E177: =COUNTIFS($S$2:$S$168,$A177,$R$2:$R$168,E$176) -> 0 | F177: =COUNTIFS($S$2:$S$168,$A177,$R$2:$R$168,F$176) -> 1 | G177: =COUNTIFS($S$2:$S$168,$A177,$R$2:$R$168,G$176) -> 0 | H177: =COUNTIFS($S$2:$S$168,$A177,$R$2:$R$168,H$176) -> 3 | I177: =SUM(B177:H177) -> 4
...

Sheet 2026-09-02
A1: callsign | B1: adep | C1: ades | D1: aircraft_type | E1: aircraft_registration | F1: atd | G1: dep_runway | H1: route | I1: rfl | J1: flight_rule | K1: flight_type | L1: distance_flown_in_fir | M1: exit_point | N1: exit_hour | O1: exit_level | P1: wtc | Q1: nfl | R1: SID_resuelto | S1: Hora_UTC | T1: Sector_resuelto
A2: LPE2457 | B2: MMUN | C2: SPJC | D2: A320 | E2: CCBLM | F2: 46267.001 | G2: 12R | H2: S12R 2101N08650W CN011 2020N08652W 2017N08652W 2014N08652W 2013N08652W 2007N08651W LIB UZ512 LIXAS UL203 ARNEL UM542 TAL UV1 ATATU ATATU4 | I2: 370 | J2: I | K2: S | L2: 201 | M2: 1916N08644W | N2: 46267.013 | O2: 293 | P2: M | Q2: 190 | R2: =IF(G2="12R",_xlfn.XLOOKUP(C2,DB!$A$2:$A$222,DB!$B$2:$B$222,""),IF(G2="30L",_xlfn.XLOOKUP(C2,DB!$A$2:$A$222,DB!$C$2:$C$222,""),"")) -> CZM | S2: =HOUR(F2) -> 0 | T2: =_xlfn.XLOOKUP(C2,DB!$A$2:$A$222,DB!$D$2:$D$222,"") -> Sector 7
A3: FLE2613 | B3: MMUN | C3: CYYZ | D3: B38M | E3: CFFLZ | F3: 46267.009 | G3: 12R | H3: S12R SR00 SR01 SR02 SR03 SR04 SR05 SR06 SR07 SR08 SR09 SR10 SR11 SR12 SR17 SR18 2113N08646W 2116N08647W OMSUK UM219 MYDIA M219 KNOST Q109 CAMJO DCT RIELE DCT BLAAN Q69 RICCS DCT OXMAN LINNG3 | I3: 370 | J3: I | K3: S | L3: 367 | M3: MYDIA | N3: 46267.03 | O3: 370 | P3: M | Q3: 40 | R3: =IF(G3="12R",_xlfn.XLOOKUP(C3,DB!$A$2:$A$222,DB!$B$2:$B$222,""),IF(G3="30L",_xlfn.XLOOKUP(C3,DB!$A$2:$A$222,DB!$C$2:$C$222,""),"")) -> OMSUK | S3: =HOUR(F3) -> 0 | T3: =_xlfn.XLOOKUP(C3,DB!$A$2:$A$222,DB!$D$2:$D$222,"") -> Sector 3
A4: VOI1051 | B4: MMUN | C4: MMGL | D4: A21N | E4: N542VL | F4: 46267.017 | G4: 12R | H4: UDGUV2A UDGUV UT78 DURPI DCT NUBIT DCT RIBET UT101 ENAGA DCT OVAGO UT123 IGSON IGSON1B | I4: 340 | J4: I | K4: S | L4: 860 | M4: NUBIT | N4: 46267.063 | O4: 340 | P4: M | Q4: 190 | R4: =IF(G4="12R",_xlfn.XLOOKUP(C4,DB!$A$2:$A$222,DB!$B$2:$B$222,""),IF(G4="30L",_xlfn.XLOOKUP(C4,DB!$A$2:$A$222,DB!$C$2:$C$222,""),"")) -> UDGUV | S4: =HOUR(F4) -> 0 | T4: =_xlfn.XLOOKUP(C4,DB!$A$2:$A$222,DB!$D$2:$D$222,"") -> Sector 2
A5: VOI5589 | B5: MMUN | C5: MMMY | D5: A20N | E5: XATVM | F5: 46267.026 | G5: 12R | H5: S12R T12R6 UN418 UN409 UN419 UN432 NOTEN UT37 SESNO UJ15E RETOS RETOS1A | I5: 380 | J5: I | K5: S | L5: 862 | M5: NOTEN | N5: 46267.07 | O5: 380 | P5: M | Q5: 190 | R5: =IF(G5="12R",_xlfn.XLOOKUP(C5,DB!$A$2:$A$222,DB!$B$2:$B$222,""),IF(G5="30L",_xlfn.XLOOKUP(C5,DB!$A$2:$A$222,DB!$C$2:$C$222,""),"")) -> UDGUV | S5: =HOUR(F5) -> 0 | T5: =_xlfn.XLOOKUP(C5,DB!$A$2:$A$222,DB!$D$2:$D$222,"") -> Sector 2
A6: WFL2502 | B6: MMUN | C6: LEMD | D6: A359 | E6: ECNOI | F6: 46267.035 | G6: 12R | H6: NUDAL1A NUDAL UV106 PODON UG765 MAXIM/N0496F370 Y262 ZFP DCT VENDS DCT NUCAR A699 SUMRS/M085F370 M204 SOORY DCT 42N050W/M085F390 44N040W 46N030W 46N020W/M085F410 DCT PASAS/N0479F410 DCT STG DCT DESAT DCT ZMR | I6: 350 | J6: I | K6: S | L6: 136 | M6: NUDAL | N6: 46267.045 | O6: 218 | P6: H | Q6: 190 | R6: =IF(G6="12R",_xlfn.XLOOKUP(C6,DB!$A$2:$A$222,DB!$B$2:$B$222,""),IF(G6="30L",_xlfn.XLOOKUP(C6,DB!$A$2:$A$222,DB!$C$2:$C$222,""),"")) -> NUDAL | S6: =HOUR(F6) -> 0 | T6: =_xlfn.XLOOKUP(C6,DB!$A$2:$A$222,DB!$D$2:$D$222,"") -> Sector 3
A7: TFL511 | B7: MMUN | C7: EHAM | D7: B788 | E7: PHTFM | F7: 46267.043 | G7: 12R | H7: NUDAL1A NUDAL UV106 PODON UG765 MAXIM DCT EADEN DCT PHK DCT CRANS DCT LENDS DCT ETECK M202 UKOKA/M084F390 M202 MUNEY DCT 41N060W/M084F410 DCT 44N050W DCT 47N040W DCT 50N030W DCT 52N020W DCT MALOT/N0475F410 DCT GISTI DCT LIFFY UL975 WAL M16 DOLAS L603 LAMSO | I7: 390 | J7: I | K7: S | L7: 136 | M7: NUDAL | N7: 46267.052 | O7: 223 | P7: H | Q7: 190 | R7: =IF(G7="12R",_xlfn.XLOOKUP(C7,DB!$A$2:$A$222,DB!$B$2:$B$222,""),IF(G7="30L",_xlfn.XLOOKUP(C7,DB!$A$2:$A$222,DB!$C$2:$C$222,""),"")) -> NUDAL | S7: =HOUR(F7) -> 1 | T7: =_xlfn.XLOOKUP(C7,DB!$A$2:$A$222,DB!$D$2:$D$222,"") -> Sector 3
A8: OBS864 | B8: MMUN | C8: LPPT | D8: A339 | E8: CSTCF | F8: 46267.045 | G8: 12R | H8: S12R T12R6 UN415 UN413 MAXIM/N0476F370 DCT STIFF A699 SUMRS/M082F370 M204 BEXUM/M082F390 DCT ANVER DCT 38N060W DCT 42N050W DCT 44N040W DCT 44N030W DCT 43N020W/M082F410 DCT DETOX/N0465F410 DCT LAZET | I8: 350 | J8: I | K8: S | L8: 137 | M8: 2134N08548W | N8: 46267.054 | O8: 198 | P8: H | Q8: 190 | R8: =IF(G8="12R",_xlfn.XLOOKUP(C8,DB!$A$2:$A$222,DB!$B$2:$B$222,""),IF(G8="30L",_xlfn.XLOOKUP(C8,DB!$A$2:$A$222,DB!$C$2:$C$222,""),"")) -> NUDAL | S8: =HOUR(F8) -> 1 | T8: =_xlfn.XLOOKUP(C8,DB!$A$2:$A$222,DB!$D$2:$D$222,"") -> Sector 3
A9: VIV1373 | B9: MMUN | C9: MMMX | D9: A21N | E9: XAVXD | F9: 46267.047 | G9: 12R | H9: UDGUV2A UDGUV UT78 MEDOS DCT UBVOV DCT UMAVO UT101 ENAGA ENAGA3A | I9: 360 | J9: I | K9: S | L9: 859 | M9: UBVOV | N9: 46267.093 | O9: 360 | P9: M | Q9: 190 | R9: =IF(G9="12R",_xlfn.XLOOKUP(C9,DB!$A$2:$A$222,DB!$B$2:$B$222,""),IF(G9="30L",_xlfn.XLOOKUP(C9,DB!$A$2:$A$222,DB!$C$2:$C$222,""),"")) -> UDGUV | S9: =HOUR(F9) -> 1 | T9: =_xlfn.XLOOKUP(C9,DB!$A$2:$A$222,DB!$D$2:$D$222,"") -> Sector 2
A10: AMX555 | B10: MMUN | C10: MMMX | D10: B39M | E10: XASRB | F10: 46267.05 | G10: 12R | H10: UDGUV2A UDGUV UT78 MEDOS UT20 UBVOV UT101 UMAVO/N0458F300 UT101 ENAGA ENAGA3A | I10: 360 | J10: I | K10: S | L10: 859 | M10: UBVOV | N10: 46267.096 | O10: 360 | P10: M | Q10: 190 | R10: =IF(G10="12R",_xlfn.XLOOKUP(C10,DB!$A$2:$A$222,DB!$B$2:$B$222,""),IF(G10="30L",_xlfn.XLOOKUP(C10,DB!$A$2:$A$222,DB!$C$2:$C$222,""),"")) -> UDGUV | S10: =HOUR(F10) -> 1 | T10: =_xlfn.XLOOKUP(C10,DB!$A$2:$A$222,DB!$D$2:$D$222,"") -> Sector 2
A11: VTM9901 | B11: MMUN | C11: MMQT | D11: B733 | E11: XAVFI | F11: 46267.061 | G11: 12R | H11: S12R 2052N08729W 2147N09330W 2147N09341W 2147N09343W TARBI UJ17 QET | I11: 360 | J11: I | K11: S | L11: 854 | M11: 2145N09459W | N11: 46267.106 | O11: 360 | P11: M | Q11: 190 | R11: =IF(G11="12R",_xlfn.XLOOKUP(C11,DB!$A$2:$A$222,DB!$B$2:$B$222,""),IF(G11="30L",_xlfn.XLOOKUP(C11,DB!$A$2:$A$222,DB!$C$2:$C$222,""),"")) -> UDGUV | S11: =HOUR(F11) -> 1 | T11: =_xlfn.XLOOKUP(C11,DB!$A$2:$A$222,DB!$D$2:$D$222,"") -> Sector 2
A12: AEA064 | B12: MMUN | C12: LEMD | D12: B788 | E12: ECMNS | F12: 46267.077 | G12: 12R | H12: NUDAL1A NUDAL UV106 PODON UG765 MAXIM DCT EYW DCT PBI/M085F370 DCT SNAGY/M084F390 DCT BEXUM M204 LUNKR DCT 38N060W/M084F390 41N050W 43N040W 44N030W 43N020W/M084F410 DCT ARMED/N0478F410 DCT EPOPO/N0483F400 DCT ADORO/N0489F360 L155 ZMR | I12: 370 | J12: I | K12: S | L12: 136 | M12: NUDAL | N12: 46267.087 | O12: 188 | P12: H | Q12: 190 | R12: =IF(G12="12R",_xlfn.XLOOKUP(C12,DB!$A$2:$A$222,DB!$B$2:$B$222,""),IF(G12="30L",_xlfn.XLOOKUP(C12,DB!$A$2:$A$222,DB!$C$2:$C$222,""),"")) -> NUDAL | S12: =HOUR(F12) -> 1 | T12: =_xlfn.XLOOKUP(C12,DB!$A$2:$A$222,DB!$D$2:$D$222,"") -> Sector 3
A13: ESF610 | B13: MMUN | C13: MMMD | D13: B734 | E13: XASLG | F13: 46267.079 | G13: 12R | H13: S12R T12R6 UN418 2052N08723W NAPRI NAPRI1E | I13: 220 | J13: I | K13: S | L13: 324 | M13: MMMD | N13: 46267.101 | O13: 0 | P13: M | Q13: 190 | R13: =IF(G13="12R",_xlfn.XLOOKUP(C13,DB!$A$2:$A$222,DB!$B$2:$B$222,""),IF(G13="30L",_xlfn.XLOOKUP(C13,DB!$A$2:$A$222,DB!$C$2:$C$222,""),"")) -> UDGUV | S13: =HOUR(F13) -> 1 | T13: =_xlfn.XLOOKUP(C13,DB!$A$2:$A$222,DB!$D$2:$D$222,"") -> Sector 2
... A34: AMX511 | B34: MMUN | C34: MMMX | D34: B39M | E34: N469AM | F34: 46267.55 | G34: 12R | H34: UDGUV2A UDGUV UT78 DURPI/N0458F360 UT78 MEDOS UT20 UBVOV UT101 UMAVO/N0456F300 UT101 ENAGA ENAGA3A | I34: 360 | J34: I | K34: S | L34: 859 | M34: UBVOV | N34: 46267.596 | O34: 360 | P34: M | Q34: 190 | R34: =IF(G34="12R",_xlfn.XLOOKUP(C34,DB!$A$2:$A$222,DB!$B$2:$B$222,""),IF(G34="30L",_xlfn.XLOOKUP(C34,DB!$A$2:$A$222,DB!$C$2:$C$222,""),"")) -> UDGUV | S34: =HOUR(F34) -> 13 | T34: =_xlfn.XLOOKUP(C34,DB!$A$2:$A$222,DB!$D$2:$D$222,"") -> Sector 2
A35: XBGPE | B35: MMUN | C35: MMCT | D35: C150 | F35: 46267.577 | G35: 12R | H35: DCT | I35: 25 | J35: V | K35: G | L35: 158 | M35: MMCT | N35: 46267.631 | O35: 1 | P35: L | Q35: 15 | R35: =IF(G35="12R",_xlfn.XLOOKUP(C35,DB!$A$2:$A$222,DB!$B$2:$B$222,""),IF(G35="30L",_xlfn.XLOOKUP(C35,DB!$A$2:$A$222,DB!$C$2:$C$222,""),"")) | S35: =HOUR(F35) -> 13 | T35: =_xlfn.XLOOKUP(C35,DB!$A$2:$A$222,DB!$D$2:$D$222,"")
A36: XAKID | B36: MMUN | C36: KOPF | D36: LJ35 | F36: 46267.579 | G36: 12R | H36: S12R 2101N08650W T12L6 2100N08649W 2101N08647W 2121N08645W 2123N08645W 2132N08642W 2144N08640W 2146N08641W ROTGI LENUK UB646 CANOA DCT EYW DCT | I36: 270 | J36: I | K36: G | L36: 214 | M36: LENUK | N36: 46267.593 | O36: 270 | P36: M | Q36: 40 | R36: =IF(G36="12R",_xlfn.XLOOKUP(C36,DB!$A$2:$A$222,DB!$B$2:$B$222,""),IF(G36="30L",_xlfn.XLOOKUP(C36,DB!$A$2:$A$222,DB!$C$2:$C$222,""),"")) -> OMSUK | S36: =HOUR(F36) -> 13 | T36: =_xlfn.XLOOKUP(C36,DB!$A$2:$A$222,DB!$D$2:$D$222,"") -> Sector 3
A37: UAL1988 | B37: MMUN | C37: KEWR | D37: B39M | E37: N17566 | F37: 46267.581 | G37: 12R | H37: S12R SR00 SR01 SR02 SR03 ROTGI UM219 MYDIA M219 CIGAR/N0462F350 M215 KNOST Q109 CAMJO Q99 QUART PHLBO4 | I37: 330 | J37: I | K37: S | L37: 359 | M37: MYDIA | N37: 46267.601 | O37: 330 | P37: M | Q37: 40 | R37: =IF(G37="12R",_xlfn.XLOOKUP(C37,DB!$A$2:$A$222,DB!$B$2:$B$222,""),IF(G37="30L",_xlfn.XLOOKUP(C37,DB!$A$2:$A$222,DB!$C$2:$C$222,""),"")) -> OMSUK | S37: =HOUR(F37) -> 13 | T37: =_xlfn.XLOOKUP(C37,DB!$A$2:$A$222,DB!$D$2:$D$222,"") -> Sector 3
A38: XAVGF | B38: MMUN | C38: MMUN | D38: B429 | F38: 46267.587 | G38: 12R | H38: 2101N08654W 2053N08706W 2051N08711W 2020N08822W UUCUM | I38: 15 | J38: V | K38: G | L38: 379 | M38: MMUN | N38: 46267.662 | O38: 0 | P38: L | Q38: 15 | R38: =IF(G38="12R",_xlfn.XLOOKUP(C38,DB!$A$2:$A$222,DB!$B$2:$B$222,""),IF(G38="30L",_xlfn.XLOOKUP(C38,DB!$A$2:$A$222,DB!$C$2:$C$222,""),"")) | S38: =HOUR(F38) -> 14 | T38: =_xlfn.XLOOKUP(C38,DB!$A$2:$A$222,DB!$D$2:$D$222,"")
A39: XBMAU | B39: MMUN | C39: MMVR | D39: C501 | F39: 46267.595 | G39: 12R | H39: UDGUV2A UDGUV UJ84 CZA OMPAN DCT | I39: 280 | J39: I | K39: G | L39: 876 | M39: OMPAN | N39: 46267.664 | O39: 231 | P39: L | Q39: 30 | R39: =IF(G39="12R",_xlfn.XLOOKUP(C39,DB!$A$2:$A$222,DB!$B$2:$B$222,""),IF(G39="30L",_xlfn.XLOOKUP(C39,DB!$A$2:$A$222,DB!$C$2:$C$222,""),"")) -> UDGUV | S39: =HOUR(F39) -> 14 | T39: =_xlfn.XLOOKUP(C39,DB!$A$2:$A$222,DB!$D$2:$D$222,"") -> Sector 2
A40: AMX515 | B40: MMUN | C40: MMMX | D40: B39M | E40: XAJSO | F40: 46267.604 | G40: 12R | H40: S12R T12R6 UN418 UBVOV UT101 UMAVO/N0456F300 UT101 ENAGA ENAGA3A | I40: 360 | J40: I | K40: S | L40: 858 | M40: UBVOV | N40: 46267.65 | O40: 360 | P40: M | Q40: 190 | R40: =IF(G40="12R",_xlfn.XLOOKUP(C40,DB!$A$2:$A$222,DB!$B$2:$B$222,""),IF(G40="30L",_xlfn.XLOOKUP(C40,DB!$A$2:$A$222,DB!$C$2:$C$222,""),"")) -> UDGUV | S40: =HOUR(F40) -> 14 | T40: =_xlfn.XLOOKUP(C40,DB!$A$2:$A$222,DB!$D$2:$D$222,"") -> Sector 2
A41: N786BD | B41: MMUN | C41: KFXE | D41: SF50 | F41: 46267.607 | G41: 12R | H41: S12R SR00 SR01 SR02 OMSUK UM219 XOPGI UB646 CANOA DCT EYW DCT | I41: 310 | J41: I | K41: G | L41: 235 | M41: LENUK | N41: 46267.633 | O41: 310 | P41: L | Q41: 40 | R41: =IF(G41="12R",_xlfn.XLOOKUP(C41,DB!$A$2:$A$222,DB!$B$2:$B$222,""),IF(G41="30L",_xlfn.XLOOKUP(C41,DB!$A$2:$A$222,DB!$C$2:$C$222,""),"")) -> NUDAL | S41: =HOUR(F41) -> 14 | T41: =_xlfn.XLOOKUP(C41,DB!$A$2:$A$222,DB!$D$2:$D$222,"") -> Sector 3
A42: VOI5585 | B42: MMUN | C42: MMMY | D42: A20N | E42: XAVSI | F42: 46267.628 | G42: 12R | H42: UDGUV2A UDGUV UT78 DURPI DCT NOTEN UT37 SESNO UJ15E RETOS RETOS1A | I42: 300 | J42: I | K42: S | L42: 878 | M42: NOTEN | N42: 46267.675 | O42: 300 | P42: M | Q42: 190 | R42: =IF(G42="12R",_xlfn.XLOOKUP(C42,DB!$A$2:$A$222,DB!$B$2:$B$222,""),IF(G42="30L",_xlfn.XLOOKUP(C42,DB!$A$2:$A$222,DB!$C$2:$C$222,""),"")) -> UDGUV | S42: =HOUR(F42) -> 15 | T42: =_xlfn.XLOOKUP(C42,DB!$A$2:$A$222,DB!$D$2:$D$222,"") -> Sector 2
A43: JBU1366 | B43: MMUN | C43: KTPA | D43: A320 | E43: N648JB | F43: 46267.632 | G43: 12R | H43: NUDAL1A NUDAL UV106 PODON UG765 MAXIM Y262 LULLS DCT WIGNA/N0448F320 DCT FIPES DCT FERAL BLFRG3 | I43: 330 | J43: I | K43: S | L43: 136 | M43: NUDAL | N43: 46267.642 | O43: 270 | P43: M | Q43: 190 | R43: =IF(G43="12R",_xlfn.XLOOKUP(C43,DB!$A$2:$A$222,DB!$B$2:$B$222,""),IF(G43="30L",_xlfn.XLOOKUP(C43,DB!$A$2:$A$222,DB!$C$2:$C$222,""),"")) -> OMSUK | S43: =HOUR(F43) -> 15 | T43: =_xlfn.XLOOKUP(C43,DB!$A$2:$A$222,DB!$D$2:$D$222,"") -> Sector 3
A44: VIV2278 | B44: MMUN | C44: MMSM | D44: A320 | E44: XAVAJ | F44: 46267.637 | G44: 12R | H44: S12R T12R6 UN418 UN409 UN419 2052N08725W 2051N08728W UBVOV UT20 TAJIN DCT VITOS VITOS2A | I44: 380 | J44: I | K44: S | L44: 859 | M44: UBVOV | N44: 46267.681 | O44: 380 | P44: M | Q44: 190 | R44: =IF(G44="12R",_xlfn.XLOOKUP(C44,DB!$A$2:$A$222,DB!$B$2:$B$222,""),IF(G44="30L",_xlfn.XLOOKUP(C44,DB!$A$2:$A$222,DB!$C$2:$C$222,""),"")) -> UDGUV | S44: =HOUR(F44) -> 15 | T44: =_xlfn.XLOOKUP(C44,DB!$A$2:$A$222,DB!$D$2:$D$222,"") -> Sector 2
A45: VIV7032 | B45: MMUN | C45: MMTO | D45: A320 | E45: XAVAQ | F45: 46267.644 | G45: 12R | H45: S12R T12R6 UN418 UN409 UN419 UN432 UBVOV UT101 UMAVO UT104 LENUL LENUL3A | I45: 380 | J45: I | K45: N | L45: 859 | M45: UBVOV | N45: 46267.688 | O45: 380 | P45: M | Q45: 190 | R45: =IF(G45="12R",_xlfn.XLOOKUP(C45,DB!$A$2:$A$222,DB!$B$2:$B$222,""),IF(G45="30L",_xlfn.XLOOKUP(C45,DB!$A$2:$A$222,DB!$C$2:$C$222,""),"")) -> UDGUV | S45: =HOUR(F45) -> 15 | T45: =_xlfn.XLOOKUP(C45,DB!$A$2:$A$222,DB!$D$2:$D$222,"") -> Sector 2
A46: VIV1029 | B46: MMUN | C46: MMMX | D46: A21N | E46: XAVXV | F46: 46267.648 | G46: 12R | H46: S12R T12R6 UN418 UN409 UN419 UN432 2050N08734W 2049N08739W UBVOV DCT UMAVO UT101 ENAGA ENAGA3A | I46: 360 | J46: I | K46: S | L46: 859 | M46: UBVOV | N46: 46267.693 | O46: 360 | P46: M | Q46: 190 | R46: =IF(G46="12R",_xlfn.XLOOKUP(C46,DB!$A$2:$A$222,DB!$B$2:$B$222,""),IF(G46="30L",_xlfn.XLOOKUP(C46,DB!$A$2:$A$222,DB!$C$2:$C$222,""),"")) -> UDGUV | S46: =HOUR(F46) -> 15 | T46: =_xlfn.XLOOKUP(C46,DB!$A$2:$A$222,DB!$D$2:$D$222,"") -> Sector 2
A47: VIV2164 | B47: MMUN | C47: MMMY | D47: A20N | E47: CCDBF | F47: 46267.653 | G47: 12R | H47: S12R T12R6 UN418 UN409 UN419 2050N08732W 2052N08807W 2054N08851W 2054N08850W 2054N08853W NOTEN UT37 SESNO UJ15E RETOS RETOS1A | I47: 380 | J47: I | K47: S | L47: 875 | M47: NOTEN | N47: 46267.697 | O47: 360 | P47: M | Q47: 190 | R47: =IF(G47="12R",_xlfn.XLOOKUP(C47,DB!$A$2:$A$222,DB!$B$2:$B$222,""),IF(G47="30L",_xlfn.XLOOKUP(C47,DB!$A$2:$A$222,DB!$C$2:$C$222,""),"")) -> UDGUV | S47: =HOUR(F47) -> 15 | T47: =_xlfn.XLOOKUP(C47,DB!$A$2:$A$222,DB!$D$2:$D$222,"") -> Sector 2
A48: AMX591 | B48: MMUN | C48: MMSM | D48: B738 | E48: N377AR | F48: 46267.655 | G48: 12R | H48: S12R T12R6 UN418 UN409 UN419 UN432 UBVOV UT101 UMAVO UT169 VITOS VITOS2A | I48: 360 | J48: I | K48: S | L48: 859 | M48: UBVOV | N48: 46267.7 | O48: 360 | P48: M | Q48: 190 | R48: =IF(G48="12R",_xlfn.XLOOKUP(C48,DB!$A$2:$A$222,DB!$B$2:$B$222,""),IF(G48="30L",_xlfn.XLOOKUP(C48,DB!$A$2:$A$222,DB!$C$2:$C$222,""),"")) -> UDGUV | S48: =HOUR(F48) -> 15 | T48: =_xlfn.XLOOKUP(C48,DB!$A$2:$A$222,DB!$D$2:$D$222,"") -> Sector 2
A49: ESF615 | B49: MMUN | C49: KMIA | D49: B734 | E49: XASLG | F49: 46267.657 | G49: 12R | H49: S12R T12R6 2059N08645W UN102 NUDAL UV106 PODON UG765 EMOVI UG765 MAXIM SNDBR3 | I49: 330 | J49: I | K49: S | L49: 134 | M49: NUDAL | N49: 46267.666 | O49: 264 | P49: M | Q49: 190 | R49: =IF(G49="12R",_xlfn.XLOOKUP(C49,DB!$A$2:$A$222,DB!$B$2:$B$222,""),IF(G49="30L",_xlfn.XLOOKUP(C49,DB!$A$2:$A$222,DB!$C$2:$C$222,""),"")) -> NUDAL | S49: =HOUR(F49) -> 15 | T49: =_xlfn.XLOOKUP(C49,DB!$A$2:$A$222,DB!$D$2:$D$222,"") -> Sector 3
A50: WJA2775 | B50: MMUN | C50: CYYZ | D50: B738 | E50: CFZRM | F50: 46267.659 | G50: 12R | H50: S12R 2059N08647W UN621 2101N08644W UN500 OMSUK ROTGI UM219 MYDIA/M078F370 M219 CIGAR DCT KNOST/N0449F370 DCT CAMJO DCT KERLY DCT FLYYN DCT OXMAN LINNG3 | I50: 370 | J50: I | K50: S | L50: 359 | M50: MYDIA | N50: 46267.68 | O50: 370 | P50: M | Q50: 40 | R50: =IF(G50="12R",_xlfn.XLOOKUP(C50,DB!$A$2:$A$222,DB!$B$2:$B$222,""),IF(G50="30L",_xlfn.XLOOKUP(C50,DB!$A$2:$A$222,DB!$C$2:$C$222,""),"")) -> OMSUK | S50: =HOUR(F50) -> 15 | T50: =_xlfn.XLOOKUP(C50,DB!$A$2:$A$222,DB!$D$2:$D$222,"") -> Sector 3
A51: VOI101 | B51: MMUN | C51: MMMX | D51: A21N | E51: XAVUQ | F51: 46267.668 | G51: 12R | H51: S12R T12R6 UN418 UN409 UN419 UN432 UBVOV UT101 UMAVO/N0436F300 UT101 ENAGA/N0335F170 ENAGA3A | I51: 360 | J51: I | K51: S | L51: 859 | M51: UBVOV | N51: 46267.712 | O51: 360 | P51: M | Q51: 40 | R51: =IF(G51="12R",_xlfn.XLOOKUP(C51,DB!$A$2:$A$222,DB!$B$2:$B$222,""),IF(G51="30L",_xlfn.XLOOKUP(C51,DB!$A$2:$A$222,DB!$C$2:$C$222,""),"")) -> UDGUV | S51: =HOUR(F51) -> 16 | T51: =_xlfn.XLOOKUP(C51,DB!$A$2:$A$222,DB!$D$2:$D$222,"") -> Sector 2
A52: VIV2176 | B52: MMUN | C52: MMMY | D52: A20N | E52: XAVMB | F52: 46267.673 | G52: 12R | H52: S12R T12R6 UN418 UN409 UN419 2051N08727W 2053N08806W 2052N08805W 2055N08856W NOTEN UT37 SESNO UJ15E RETOS RETOS1A | I52: 360 | J52: I | K52: S | L52: 875 | M52: NOTEN | N52: 46267.718 | O52: 360 | P52: M | Q52: 190 | R52: =IF(G52="12R",_xlfn.XLOOKUP(C52,DB!$A$2:$A$222,DB!$B$2:$B$222,""),IF(G52="30L",_xlfn.XLOOKUP(C52,DB!$A$2:$A$222,DB!$C$2:$C$222,""),"")) -> UDGUV | S52: =HOUR(F52) -> 16 | T52: =_xlfn.XLOOKUP(C52,DB!$A$2:$A$222,DB!$D$2:$D$222,"") -> Sector 2
A53: ROU1811 | B53: MMUN | C53: CYYZ | D53: A321 | E53: CGHPJ | F53: 46267.674 | G53: 12R | H53: S12R 2059N08647W 2107N08642W 2107N08639W 2112N08636W 2116N08636W 2120N08637W ROTGI UM219 MYDIA/M078F350 M219 CULLY/N0461F350 M219 KNOST DCT CAMJO Q99 BLAAN Q69 RICCS DCT OXMAN LINNG3 | I53: 350 | J53: I | K53: S | L53: 363 | M53: MYDIA | N53: 46267.695 | O53: 350 | P53: M | Q53: 40 | R53: =IF(G53="12R",_xlfn.XLOOKUP(C53,DB!$A$2:$A$222,DB!$B$2:$B$222,""),IF(G53="30L",_xlfn.XLOOKUP(C53,DB!$A$2:$A$222,DB!$C$2:$C$222,""),"")) -> OMSUK | S53: =HOUR(F53) -> 16 | T53: =_xlfn.XLOOKUP(C53,DB!$A$2:$A$222,DB!$D$2:$D$222,"") -> Sector 3
... A58: AAL1185 | B58: MMUN | C58: KJFK | D58: B38M | E58: N343SY | F58: 46267.685 | G58: 12R | H58: S12R SR00 SR01 SR02 SR03 SR04 2120N08645W 2125N08648W 2129N08650W XOPGI 2245N08628W 2253N08626W 2356N08601W NAVVL M219 KNOST Q109 BRUTS DCT SAV DCT JROSS DCT TYI DCT JAMIE DCT KALDA Q108 SIE CAMRN5 | I58: 350 | J58: I | K58: S | L58: 359 | M58: 2356N08601W | N58: 46267.706 | O58: 370 | P58: M | Q58: 40 | R58: =IF(G58="12R",_xlfn.XLOOKUP(C58,DB!$A$2:$A$222,DB!$B$2:$B$222,""),IF(G58="30L",_xlfn.XLOOKUP(C58,DB!$A$2:$A$222,DB!$C$2:$C$222,""),"")) -> OMSUK | S58: =HOUR(F58) -> 16 | T58: =_xlfn.XLOOKUP(C58,DB!$A$2:$A$222,DB!$D$2:$D$222,"") -> Sector 3
A59: XAVGV | B59: MMUN | C59: XHOL | D59: C206 | F59: 46267.69 | G59: 12R | H59: DCT | I59: 15 | J59: V | K59: G | L59: 74 | M59: XHOL | N59: 46267.707 | O59: 0 | P59: L | Q59: 15 | R59: =IF(G59="12R",_xlfn.XLOOKUP(C59,DB!$A$2:$A$222,DB!$B$2:$B$222,""),IF(G59="30L",_xlfn.XLOOKUP(C59,DB!$A$2:$A$222,DB!$C$2:$C$222,""),"")) | S59: =HOUR(F59) -> 16 | T59: =_xlfn.XLOOKUP(C59,DB!$A$2:$A$222,DB!$D$2:$D$222,"")
A60: VIV8005 | B60: MMUN | C60: MMCS | D60: A320 | E60: XAVAX | F60: 46267.693 | G60: 12R | H60: S12R T12R6 UN418 UN409 2053N08807W 2055N08855W NOTEN DCT LIBOX DCT MOV UT3 URKOM UJ54 CJS DCT | I60: 380 | J60: I | K60: S | L60: 870 | M60: NOTEN | N60: 46267.737 | O60: 360 | P60: M | Q60: 190 | R60: =IF(G60="12R",_xlfn.XLOOKUP(C60,DB!$A$2:$A$222,DB!$B$2:$B$222,""),IF(G60="30L",_xlfn.XLOOKUP(C60,DB!$A$2:$A$222,DB!$C$2:$C$222,""),"")) -> UDGUV | S60: =HOUR(F60) -> 16 | T60: =_xlfn.XLOOKUP(C60,DB!$A$2:$A$222,DB!$D$2:$D$222,"") -> Sector 2
A61: JBU852 | B61: MMUN | C61: KJFK | D61: A320 | E61: N638JB | F61: 46267.694 | G61: 12R | H61: S12R SR00 SR01 SR02 SR03 SR04 OMSUK UM219 XOPGI 2226N08632W 2235N08630W 2243N08627W 2244N08626W 2309N08619W NAVVL M219 KNOST Q109 HEPAR/N0453F370 Q109 DFENC DCT SAWED Q108 SIE CAMRN5 | I61: 350 | J61: I | K61: S | L61: 349 | M61: 2353N08601W | N61: 46267.714 | O61: 335 | P61: M | Q61: 40 | R61: =IF(G61="12R",_xlfn.XLOOKUP(C61,DB!$A$2:$A$222,DB!$B$2:$B$222,""),IF(G61="30L",_xlfn.XLOOKUP(C61,DB!$A$2:$A$222,DB!$C$2:$C$222,""),"")) -> OMSUK | S61: =HOUR(F61) -> 16 | T61: =_xlfn.XLOOKUP(C61,DB!$A$2:$A$222,DB!$D$2:$D$222,"") -> Sector 3
A62: AMX523 | B62: MMUN | C62: MMMX | D62: B38M | E62: XAAMZ | F62: 46267.695 | G62: 12R | H62: S12R T12R6 UN418 UN409 UN419 UN432 UBVOV UT101 UMAVO/N0470F300 UT101 ENAGA ENAGA3A | I62: 380 | J62: I | K62: S | L62: 859 | M62: UBVOV | N62: 46267.74 | O62: 380 | P62: M | Q62: 190 | R62: =IF(G62="12R",_xlfn.XLOOKUP(C62,DB!$A$2:$A$222,DB!$B$2:$B$222,""),IF(G62="30L",_xlfn.XLOOKUP(C62,DB!$A$2:$A$222,DB!$C$2:$C$222,""),"")) -> UDGUV | S62: =HOUR(F62) -> 16 | T62: =_xlfn.XLOOKUP(C62,DB!$A$2:$A$222,DB!$D$2:$D$222,"") -> Sector 2
A63: VOI3930 | B63: MMUN | C63: MGGT | D63: A320 | E63: XAVOY | F63: 46267.698 | G63: 12R | H63: S12R T12R6 UN402 UN408 CZM UN431 1935N08722W 1914N08737W 1913N08738W 1911N08739W 1900N08740W 1853N08740W TIKIS UG765 AUR DCT | I63: 380 | J63: I | K63: S | L63: 336 | M63: 1824N08802W | N63: 46267.718 | O63: 380 | P63: M | Q63: 190 | R63: =IF(G63="12R",_xlfn.XLOOKUP(C63,DB!$A$2:$A$222,DB!$B$2:$B$222,""),IF(G63="30L",_xlfn.XLOOKUP(C63,DB!$A$2:$A$222,DB!$C$2:$C$222,""),"")) -> CZM | S63: =HOUR(F63) -> 16 | T63: =_xlfn.XLOOKUP(C63,DB!$A$2:$A$222,DB!$D$2:$D$222,"") -> Sector 7
A64: N621TX | B64: MMUN | C64: XCET | D64: KODI | F64: 46267.701 | G64: 12R | H64: DCT | I64: 15 | J64: V | K64: G | L64: 69 | M64: XCET | N64: 46267.712 | O64: 0 | P64: L | Q64: 15 | R64: =IF(G64="12R",_xlfn.XLOOKUP(C64,DB!$A$2:$A$222,DB!$B$2:$B$222,""),IF(G64="30L",_xlfn.XLOOKUP(C64,DB!$A$2:$A$222,DB!$C$2:$C$222,""),"")) | S64: =HOUR(F64) -> 16 | T64: =_xlfn.XLOOKUP(C64,DB!$A$2:$A$222,DB!$D$2:$D$222,"")
A65: VIV7405 | B65: MMUN | C65: MMMY | D65: A321 | E65: XAVCF | F65: 46267.703 | G65: 12R | H65: S12R T12R6 UN418 UN409 2054N08711W MID DCT NOTEN UT37 SESNO UJ15E RETOS RETOS1A | I65: 360 | J65: I | K65: N | L65: 877 | M65: NOTEN | N65: 46267.747 | O65: 360 | P65: M | Q65: 190 | R65: =IF(G65="12R",_xlfn.XLOOKUP(C65,DB!$A$2:$A$222,DB!$B$2:$B$222,""),IF(G65="30L",_xlfn.XLOOKUP(C65,DB!$A$2:$A$222,DB!$C$2:$C$222,""),"")) -> UDGUV | S65: =HOUR(F65) -> 16 | T65: =_xlfn.XLOOKUP(C65,DB!$A$2:$A$222,DB!$D$2:$D$222,"") -> Sector 2
A66: CMP317 | B66: MMUN | C66: MPTO | D66: B38M | E66: HP9805 | F66: 46267.704 | G66: 12R | H66: S12R T12R6 ALYRE TAKUX UM782 OMIRO/N0461F370 UN420 PELRA/N0459F390 DCT SPP DCT MORLI OSUPA2 | I66: 350 | J66: I | K66: S | L66: 149 | M66: TAKUX | N66: 46267.714 | O66: 266 | P66: M | Q66: 190 | R66: =IF(G66="12R",_xlfn.XLOOKUP(C66,DB!$A$2:$A$222,DB!$B$2:$B$222,""),IF(G66="30L",_xlfn.XLOOKUP(C66,DB!$A$2:$A$222,DB!$C$2:$C$222,""),"")) -> TAKUX | S66: =HOUR(F66) -> 16 | T66: =_xlfn.XLOOKUP(C66,DB!$A$2:$A$222,DB!$D$2:$D$222,"") -> Sector 7
A67: VIV2254 | B67: MMUN | C67: MMTG | D67: A20N | E67: XAVMG | F67: 46267.706 | G67: 12R | H67: S12R 2016N08756W 2008N08812W PQE/N0328A180 V51 SAXAV V51 TGZ DCT | I67: 380 | J67: I | K67: S | L67: 820 | M67: MMTG | N67: 46267.751 | O67: 15 | P67: M | Q67: 190 | R67: =IF(G67="12R",_xlfn.XLOOKUP(C67,DB!$A$2:$A$222,DB!$B$2:$B$222,""),IF(G67="30L",_xlfn.XLOOKUP(C67,DB!$A$2:$A$222,DB!$C$2:$C$222,""),"")) -> UDGUV | S67: =HOUR(F67) -> 16 | T67: =_xlfn.XLOOKUP(C67,DB!$A$2:$A$222,DB!$D$2:$D$222,"") -> Sector 2
A68: TSC539 | B68: MMUN | C68: CYUL | D68: A321 | E68: CGEZN | F68: 46267.709 | G68: 12R | H68: S12R OMSUK M219 ROTGI 2214N08635W 2219N08634W 2229N08628W 2236N08624W 2305N08610W 2308N08608W 2310N08607W ULARI SHARQ NAVVL M219 BUUOY/N0460F350 M219 KNOST DCT CAMJO Q99 BLAAN Q69 RICCS DCT PSB DCT SYR DCT ART IMPAC4 | I68: 330 | J68: I | K68: S | L68: 282 | M68: ULARI | N68: 46267.728 | O68: 322 | P68: M | Q68: 40 | R68: =IF(G68="12R",_xlfn.XLOOKUP(C68,DB!$A$2:$A$222,DB!$B$2:$B$222,""),IF(G68="30L",_xlfn.XLOOKUP(C68,DB!$A$2:$A$222,DB!$C$2:$C$222,""),"")) -> OMSUK | S68: =HOUR(F68) -> 17 | T68: =_xlfn.XLOOKUP(C68,DB!$A$2:$A$222,DB!$D$2:$D$222,"") -> Sector 3
A69: VIV2142 | B69: MMUN | C69: MMGL | D69: A21N | E69: XAVBM | F69: 46267.711 | G69: 12R | H69: UDGUV2A UDGUV DCT LIDAM UT23 TAM UJ14 TMN UT147 AGU UT44 MEZCA MEZCA1A | I69: 360 | J69: I | K69: S | L69: 867 | M69: LIDAM | N69: 46267.755 | O69: 360 | P69: M | Q69: 190 | R69: =IF(G69="12R",_xlfn.XLOOKUP(C69,DB!$A$2:$A$222,DB!$B$2:$B$222,""),IF(G69="30L",_xlfn.XLOOKUP(C69,DB!$A$2:$A$222,DB!$C$2:$C$222,""),"")) -> UDGUV | S69: =HOUR(F69) -> 17 | T69: =_xlfn.XLOOKUP(C69,DB!$A$2:$A$222,DB!$D$2:$D$222,"") -> Sector 2
A70: VIV2104 | B70: MMUN | C70: MMVR | D70: A20N | E70: XAVMH | F70: 46267.712 | G70: 12R | H70: UDGUV2A UDGUV OMPAN OMPAN1A | I70: 380 | J70: I | K70: S | L70: 876 | M70: OMPAN | N70: 46267.758 | O70: 230 | P70: M | Q70: 190 | R70: =IF(G70="12R",_xlfn.XLOOKUP(C70,DB!$A$2:$A$222,DB!$B$2:$B$222,""),IF(G70="30L",_xlfn.XLOOKUP(C70,DB!$A$2:$A$222,DB!$C$2:$C$222,""),"")) -> UDGUV | S70: =HOUR(F70) -> 17 | T70: =_xlfn.XLOOKUP(C70,DB!$A$2:$A$222,DB!$D$2:$D$222,"") -> Sector 2
A71: VOI1049 | B71: MMUN | C71: MMGL | D71: A20N | E71: XAVSG | F71: 46267.716 | G71: 12R | H71: S12R T12R6 UN418 UN409 UN419 NUBIT DCT RIBET UT101 ENAGA DCT OVAGO UT123 IGSON IGSON1B | I71: 380 | J71: I | K71: S | L71: 859 | M71: NUBIT | N71: 46267.761 | O71: 380 | P71: M | Q71: 190 | R71: =IF(G71="12R",_xlfn.XLOOKUP(C71,DB!$A$2:$A$222,DB!$B$2:$B$222,""),IF(G71="30L",_xlfn.XLOOKUP(C71,DB!$A$2:$A$222,DB!$C$2:$C$222,""),"")) -> UDGUV | S71: =HOUR(F71) -> 17 | T71: =_xlfn.XLOOKUP(C71,DB!$A$2:$A$222,DB!$D$2:$D$222,"") -> Sector 2
A72: AAL2792 | B72: MMUN | C72: KCLT | D72: A321 | E72: N148AN | F72: 46267.717 | G72: 12R | H72: S12R SR00 SR01 SR02 OMSUK UM219 XOPGI 2242N08622W 2243N08621W 2256N08613W 2259N08611W 2309N08605W 2322N08601W NAVVL M219 CULLY/N0446F370 M219 KNOST DCT DEANR DCT BRUTS Q109 CAMJO DCT TWINS DCT PONZE BANKR7 | I72: 350 | J72: I | K72: S | L72: 286 | M72: 2316N08601W | N72: 46267.735 | O72: 350 | P72: M | Q72: 40 | R72: =IF(G72="12R",_xlfn.XLOOKUP(C72,DB!$A$2:$A$222,DB!$B$2:$B$222,""),IF(G72="30L",_xlfn.XLOOKUP(C72,DB!$A$2:$A$222,DB!$C$2:$C$222,""),"")) -> OMSUK | S72: =HOUR(F72) -> 17 | T72: =_xlfn.XLOOKUP(C72,DB!$A$2:$A$222,DB!$D$2:$D$222,"") -> Sector 3
A73: UAL1196 | B73: MMUN | C73: KORD | D73: B739 | E73: N61881 | F73: 46267.719 | G73: 12R | H73: S12R SR00 SR01 SR02 ENEBA 2138N08655W 2143N08656W ALKIM/N0470F320 UT45 IRDOV L214 DAGGR/N0471F340 L214 PLNDR DCT MCB/N0470F330 DCT MEMFS/N0467F340 DCT FTZ TRTLL6 | I73: 300 | J73: I | K73: S | L73: 437 | M73: IRDOV | N73: 46267.742 | O73: 340 | P73: M | Q73: 40 | R73: =IF(G73="12R",_xlfn.XLOOKUP(C73,DB!$A$2:$A$222,DB!$B$2:$B$222,""),IF(G73="30L",_xlfn.XLOOKUP(C73,DB!$A$2:$A$222,DB!$C$2:$C$222,""),"")) -> ENEBA | S73: =HOUR(F73) -> 17 | T73: =_xlfn.XLOOKUP(C73,DB!$A$2:$A$222,DB!$D$2:$D$222,"") -> Sector 3
A74: VOI3514 | B74: MMUN | C74: MMQT | D74: A20N | E74: XAVSG | F74: 46267.723 | G74: 12R | H74: UDGUV2A UDGUV LIDAM UT23 TAM UJ14 TMN DCT MORAS UJ17 QET | I74: 380 | J74: I | K74: S | L74: 867 | M74: LIDAM | N74: 46267.767 | O74: 380 | P74: M | Q74: 190 | R74: =IF(G74="12R",_xlfn.XLOOKUP(C74,DB!$A$2:$A$222,DB!$B$2:$B$222,""),IF(G74="30L",_xlfn.XLOOKUP(C74,DB!$A$2:$A$222,DB!$C$2:$C$222,""),"")) -> UDGUV | S74: =HOUR(F74) -> 17 | T74: =_xlfn.XLOOKUP(C74,DB!$A$2:$A$222,DB!$D$2:$D$222,"") -> Sector 2
A75: AVA257 | B75: MMUN | C75: SKBO | D75: A320 | E75: HK5422 | F75: 46267.73 | G75: 12R | H75: S12R 2101N08651W TAKUX UM782 OMIRO UN420 SPP UP530 KAKOL/N0448F390 DCT RNG UQ121 ISVAT ISVA5E | I75: 390 | J75: I | K75: S | L75: 149 | M75: TAKUX | N75: 46267.74 | O75: 296 | P75: M | Q75: 190 | R75: =IF(G75="12R",_xlfn.XLOOKUP(C75,DB!$A$2:$A$222,DB!$B$2:$B$222,""),IF(G75="30L",_xlfn.XLOOKUP(C75,DB!$A$2:$A$222,DB!$C$2:$C$222,""),"")) -> TAKUX | S75: =HOUR(F75) -> 17 | T75: =_xlfn.XLOOKUP(C75,DB!$A$2:$A$222,DB!$D$2:$D$222,"") -> Sector 7
A76: AAL1102 | B76: MMUN | C76: KMIA | D76: A21N | E76: N458AL | F76: 46267.732 | G76: 12R | H76: S12R T12R6 2100N08649W N16S 2110N08604W SEVKA 2127N08550W 2145N08538W FRANT UG765 MAXIM SNDBR3 | I76: 370 | J76: I | K76: S | L76: 146 | M76: 2132N08547W | N76: 46267.741 | O76: 290 | P76: M | Q76: 190 | R76: =IF(G76="12R",_xlfn.XLOOKUP(C76,DB!$A$2:$A$222,DB!$B$2:$B$222,""),IF(G76="30L",_xlfn.XLOOKUP(C76,DB!$A$2:$A$222,DB!$C$2:$C$222,""),"")) -> NUDAL | S76: =HOUR(F76) -> 17 | T76: =_xlfn.XLOOKUP(C76,DB!$A$2:$A$222,DB!$D$2:$D$222,"") -> Sector 3
... A88: VIV2198 | B88: MMUN | C88: MMMY | D88: A21N | E88: XAVXD | F88: 46267.752 | G88: 12R | H88: S12R T12R6 UN418 2056N08655W 2054N08702W 2055N08704W 2056N08709W 2057N08716W MID DCT 2111N08945W NOTEN UT37 SESNO UJ15E RETOS RETOS1A | I88: 360 | J88: I | K88: S | L88: 886 | M88: NOTEN | N88: 46267.797 | O88: 360 | P88: M | Q88: 190 | R88: =IF(G88="12R",_xlfn.XLOOKUP(C88,DB!$A$2:$A$222,DB!$B$2:$B$222,""),IF(G88="30L",_xlfn.XLOOKUP(C88,DB!$A$2:$A$222,DB!$C$2:$C$222,""),"")) -> UDGUV | S88: =HOUR(F88) -> 18 | T88: =_xlfn.XLOOKUP(C88,DB!$A$2:$A$222,DB!$D$2:$D$222,"") -> Sector 2
A89: XBBVZ | B89: MMUN | C89: MMUN | D89: C152 | F89: 46267.755 | G89: 12R | H89: 2108N08651W 2101N08653W 2102N08654W UN542 | I89: 15 | J89: V | K89: G | L89: 30 | M89: MMUN | N89: 46267.783 | O89: 0 | P89: L | Q89: 15 | R89: =IF(G89="12R",_xlfn.XLOOKUP(C89,DB!$A$2:$A$222,DB!$B$2:$B$222,""),IF(G89="30L",_xlfn.XLOOKUP(C89,DB!$A$2:$A$222,DB!$C$2:$C$222,""),"")) | S89: =HOUR(F89) -> 18 | T89: =_xlfn.XLOOKUP(C89,DB!$A$2:$A$222,DB!$D$2:$D$222,"")
A90: VOI1055 | B90: MMUN | C90: MMGL | D90: A21N | E90: N542VL | F90: 46267.757 | G90: 12R | H90: S12R T12R6 UN418 2056N08654W 2042N08710W 2040N08716W TL610 NUBIT DCT RIBET UT101 UMAVO/N0436F300 UT101 ENAGA DCT OVAGO UT123 IKLOK/N0424F260 UT123 IGSON/N0328F160 IGSON1B | I90: 360 | J90: I | K90: S | L90: 869 | M90: NUBIT | N90: 46267.803 | O90: 360 | P90: M | Q90: 190 | R90: =IF(G90="12R",_xlfn.XLOOKUP(C90,DB!$A$2:$A$222,DB!$B$2:$B$222,""),IF(G90="30L",_xlfn.XLOOKUP(C90,DB!$A$2:$A$222,DB!$C$2:$C$222,""),"")) -> UDGUV | S90: =HOUR(F90) -> 18 | T90: =_xlfn.XLOOKUP(C90,DB!$A$2:$A$222,DB!$D$2:$D$222,"") -> Sector 2
A91: DAL620 | B91: MMUN | C91: KJFK | D91: A21N | E91: N580DT | F91: 46267.758 | G91: 12R | H91: S12R 2100N08650W MOGOP NC01 ROTGI UM219 XOPGI 2238N08629W 2250N08623W 2252N08622W 2305N08615W 2324N08608W 2335N08608W 2344N08609W 2345N08609W MYDIA NAVVL M219 KNOST Q109 RIELE/N0455F370 Q109 DFENC DCT SAWED Q108 SIE CAMRN5 | I91: 350 | J91: I | K91: S | L91: 356 | M91: MYDIA | N91: 46267.778 | O91: 350 | P91: M | Q91: 40 | R91: =IF(G91="12R",_xlfn.XLOOKUP(C91,DB!$A$2:$A$222,DB!$B$2:$B$222,""),IF(G91="30L",_xlfn.XLOOKUP(C91,DB!$A$2:$A$222,DB!$C$2:$C$222,""),"")) -> OMSUK | S91: =HOUR(F91) -> 18 | T91: =_xlfn.XLOOKUP(C91,DB!$A$2:$A$222,DB!$D$2:$D$222,"") -> Sector 3
A92: JBU152 | B92: MMUN | C92: KJFK | D92: A320 | E92: N592JB | F92: 46267.761 | G92: 12R | H92: S12R 2101N08650W MOGOP NC01 2109N08647W 2112N08647W ROTGI UM219 MYDIA M219 KNOST Q109 DFENC DCT SAWED Q108 SIE CAMRN5 | I92: 350 | J92: I | K92: S | L92: 353 | M92: MYDIA | N92: 46267.78 | O92: 330 | P92: M | Q92: 40 | R92: =IF(G92="12R",_xlfn.XLOOKUP(C92,DB!$A$2:$A$222,DB!$B$2:$B$222,""),IF(G92="30L",_xlfn.XLOOKUP(C92,DB!$A$2:$A$222,DB!$C$2:$C$222,""),"")) -> OMSUK | S92: =HOUR(F92) -> 18 | T92: =_xlfn.XLOOKUP(C92,DB!$A$2:$A$222,DB!$D$2:$D$222,"") -> Sector 3
A93: UAL1051 | B93: MMUN | C93: KIAH | D93: B739 | E93: N38454 | F93: 46267.763 | G93: 12R | H93: S12R SR00 SR01 SR02 SR03 2100N08643W 2107N08645W 2110N08646W NOSUG UT27 OMVIP 2401N09027W 2422N09147W IPSEV L207 SEAGL LINKK1 | I93: 360 | J93: I | K93: S | L93: 826 | M93: IPSEV | N93: 46267.804 | O93: 360 | P93: M | Q93: 40 | R93: =IF(G93="12R",_xlfn.XLOOKUP(C93,DB!$A$2:$A$222,DB!$B$2:$B$222,""),IF(G93="30L",_xlfn.XLOOKUP(C93,DB!$A$2:$A$222,DB!$C$2:$C$222,""),"")) -> ENEBA | S93: =HOUR(F93) -> 18 | T93: =_xlfn.XLOOKUP(C93,DB!$A$2:$A$222,DB!$D$2:$D$222,"") -> Sector 3
A94: VIV2026 | B94: MMUN | C94: MMPB | D94: A321 | E94: XAVBI | F94: 46267.764 | G94: 12R | H94: S12R T12R6 UN418 2055N08655W 2038N08713W 2033N08724W 2040N08743W 2040N08744W UBVOV UT101 ENAGA DCT OTAGO DCT ATUKA ATUKA1B | I94: 360 | J94: I | K94: S | L94: 879 | M94: UBVOV | N94: 46267.81 | O94: 360 | P94: M | Q94: 190 | R94: =IF(G94="12R",_xlfn.XLOOKUP(C94,DB!$A$2:$A$222,DB!$B$2:$B$222,""),IF(G94="30L",_xlfn.XLOOKUP(C94,DB!$A$2:$A$222,DB!$C$2:$C$222,""),"")) -> UDGUV | S94: =HOUR(F94) -> 18 | T94: =_xlfn.XLOOKUP(C94,DB!$A$2:$A$222,DB!$D$2:$D$222,"") -> Sector 2
A95: AAL1910 | B95: MMUN | C95: KORD | D95: A321 | E95: N929AA | F95: 46267.765 | G95: 12R | H95: S12R 2100N08650W SL0 SR08 SR09 SR10 2112N08646W 2113N08646W NOSUG UT27 OMVIP UT45 IRDOV L214 LEV DCT MCB/N0449F350 DCT MEM/N0447F360 J187 FTZ TRTLL6 | I95: 340 | J95: I | K95: S | L95: 440 | M95: IRDOV | N95: 46267.789 | O95: 340 | P95: M | Q95: 40 | R95: =IF(G95="12R",_xlfn.XLOOKUP(C95,DB!$A$2:$A$222,DB!$B$2:$B$222,""),IF(G95="30L",_xlfn.XLOOKUP(C95,DB!$A$2:$A$222,DB!$C$2:$C$222,""),"")) -> ENEBA | S95: =HOUR(F95) -> 18 | T95: =_xlfn.XLOOKUP(C95,DB!$A$2:$A$222,DB!$D$2:$D$222,"") -> Sector 3
A96: DAL626 | B96: MMUN | C96: KBOS | D96: B738 | E96: N388DA | F96: 46267.773 | G96: 12R | H96: S12R 2100N08648W 2104N08645W SR08 OMSUK UM219 MYDIA M219 KNOST Q109 DEANR/N0453F370 Q109 CAMJO Q99 POLYY DCT DADDS Q87 GEARS DCT BBOBO Q22 PYTHN/N0444F390 Q22 RBV Q419 JFK ROBUC3 | I96: 350 | J96: I | K96: S | L96: 352 | M96: MYDIA | N96: 46267.794 | O96: 330 | P96: M | Q96: 40 | R96: =IF(G96="12R",_xlfn.XLOOKUP(C96,DB!$A$2:$A$222,DB!$B$2:$B$222,""),IF(G96="30L",_xlfn.XLOOKUP(C96,DB!$A$2:$A$222,DB!$C$2:$C$222,""),"")) -> OMSUK | S96: =HOUR(F96) -> 18 | T96: =_xlfn.XLOOKUP(C96,DB!$A$2:$A$222,DB!$D$2:$D$222,"") -> Sector 3
A97: VIV2184 | B97: MMUN | C97: MMCU | D97: A321 | E97: XAVBV | F97: 46267.776 | G97: 12R | H97: S12R T12R6 UN418 2056N08655W 2026N08732W 2025N08734W 2024N08742W NOTEN UT37 ULUMA DCT MTY UT11 SINLO SINLO1A | I97: 340 | J97: I | K97: S | L97: 904 | M97: NOTEN | N97: 46267.822 | O97: 340 | P97: M | Q97: 190 | R97: =IF(G97="12R",_xlfn.XLOOKUP(C97,DB!$A$2:$A$222,DB!$B$2:$B$222,""),IF(G97="30L",_xlfn.XLOOKUP(C97,DB!$A$2:$A$222,DB!$C$2:$C$222,""),"")) -> UDGUV | S97: =HOUR(F97) -> 18 | T97: =_xlfn.XLOOKUP(C97,DB!$A$2:$A$222,DB!$D$2:$D$222,"") -> Sector 2
A98: UAL1056 | B98: MMUN | C98: KIAH | D98: B739 | E98: N63820 | F98: 46267.781 | G98: 12R | H98: S12R SR00 SR01 SR02 SR03 SR04 SR05 NOSUG 2219N08706W 2223N08707W KEHLI A766 KELPP NNCEE2 | I98: 340 | J98: I | K98: S | L98: 539 | M98: KEHLI | N98: 46267.809 | O98: 360 | P98: M | Q98: 40 | R98: =IF(G98="12R",_xlfn.XLOOKUP(C98,DB!$A$2:$A$222,DB!$B$2:$B$222,""),IF(G98="30L",_xlfn.XLOOKUP(C98,DB!$A$2:$A$222,DB!$C$2:$C$222,""),"")) -> ENEBA | S98: =HOUR(F98) -> 18 | T98: =_xlfn.XLOOKUP(C98,DB!$A$2:$A$222,DB!$D$2:$D$222,"") -> Sector 3
A99: TOS6611 | B99: MMUN | C99: MZBZ | D99: C208 | E99: V3HJA | F99: 46267.784 | G99: 12R | H99: S12R 2057N08652W CZM B764 BUKKY BUKKY1A | I99: 100 | J99: I | K99: S | L99: 354 | M99: MZBZ | N99: 46267.846 | O99: 0 | P99: L | Q99: 40 | R99: =IF(G99="12R",_xlfn.XLOOKUP(C99,DB!$A$2:$A$222,DB!$B$2:$B$222,""),IF(G99="30L",_xlfn.XLOOKUP(C99,DB!$A$2:$A$222,DB!$C$2:$C$222,""),"")) -> CZM | S99: =HOUR(F99) -> 18 | T99: =_xlfn.XLOOKUP(C99,DB!$A$2:$A$222,DB!$D$2:$D$222,"") -> Sector 7
A100: XBGPE | B100: MMUN | C100: MMUN | D100: C150 | F100: 46267.786 | G100: 12R | H100: 2055N08658W 2052N08700W 2044N08703W 2044N08710W 2051N08709W 2100N08659W CUN | I100: 15 | J100: V | K100: G | L100: 103 | M100: MMUN | N100: 46267.841 | O100: 0 | P100: L | Q100: 15 | R100: =IF(G100="12R",_xlfn.XLOOKUP(C100,DB!$A$2:$A$222,DB!$B$2:$B$222,""),IF(G100="30L",_xlfn.XLOOKUP(C100,DB!$A$2:$A$222,DB!$C$2:$C$222,""),"")) | S100: =HOUR(F100) -> 18 | T100: =_xlfn.XLOOKUP(C100,DB!$A$2:$A$222,DB!$D$2:$D$222,"")
A101: VIV7314 | B101: MMUN | C101: MMSM | D101: A20N | E101: XAVIH | F101: 46267.787 | G101: 12R | H101: S12R T12R6 UN418 2056N08653W 2055N08656W 2057N08704W 2100N08716W 2059N08717W UKOKO 2049N09030W 2049N09034W 2043N09044W 2040N09050W UBVOV UT20 TAJIN DCT VITOS VITOS2A | I101: 380 | J101: I | K101: N | L101: 867 | M101: UBVOV | N101: 46267.832 | O101: 380 | P101: M | Q101: 190 | R101: =IF(G101="12R",_xlfn.XLOOKUP(C101,DB!$A$2:$A$222,DB!$B$2:$B$222,""),IF(G101="30L",_xlfn.XLOOKUP(C101,DB!$A$2:$A$222,DB!$C$2:$C$222,""),"")) -> UDGUV | S101: =HOUR(F101) -> 18 | T101: =_xlfn.XLOOKUP(C101,DB!$A$2:$A$222,DB!$D$2:$D$222,"") -> Sector 2
A102: SWA587 | B102: MMUN | C102: KAUS | D102: B737 | E102: N7833A | F102: 46267.788 | G102: 12R | H102: S12R SR00 SR01 SR02 NOSUG 2200N08657W 2202N08657W 2227N08708W 2234N08713W 2252N08726W 2302N08733W 2313N08742W KEHLI A766 KLAMS DCT DBOYS WLEEE7 | I102: 360 | J102: I | K102: S | L102: 550 | M102: KEHLI | N102: 46267.817 | O102: 360 | P102: M | Q102: 40 | R102: =IF(G102="12R",_xlfn.XLOOKUP(C102,DB!$A$2:$A$222,DB!$B$2:$B$222,""),IF(G102="30L",_xlfn.XLOOKUP(C102,DB!$A$2:$A$222,DB!$C$2:$C$222,""),"")) -> UDGUV | S102: =HOUR(F102) -> 18 | T102: =_xlfn.XLOOKUP(C102,DB!$A$2:$A$222,DB!$D$2:$D$222,"") -> Sector 2
A103: UAL1948 | B103: MMUN | C103: KSFO | D103: B39M | E103: N17402 | F103: 46267.789 | G103: 12R | H103: S12R T12R6 2057N08654W 2046N08718W 2046N08720W 2043N08731W 2049N08748W PERGO UT37 EBDUB DCT ETMES UJ53 REX DCT DLF DCT KOBLE DCT ELP DCT PGS DCT BLD DCT BTY DCT RUSME DYAMD5 | I103: 300 | J103: I | K103: S | L103: 874 | M103: NOTEN | N103: 46267.833 | O103: 340 | P103: M | Q103: 190 | R103: =IF(G103="12R",_xlfn.XLOOKUP(C103,DB!$A$2:$A$222,DB!$B$2:$B$222,""),IF(G103="30L",_xlfn.XLOOKUP(C103,DB!$A$2:$A$222,DB!$C$2:$C$222,""),"")) -> UDGUV | S103: =HOUR(F103) -> 18 | T103: =_xlfn.XLOOKUP(C103,DB!$A$2:$A$222,DB!$D$2:$D$222,"") -> Sector 2
A104: AAL2219 | B104: MMUN | C104: KDFW | D104: A321 | E104: N149AN | F104: 46267.79 | G104: 12R | H104: S12R SR00 SR01 SR02 2143N08654W 2146N08655W 2217N08705W 2231N08710W KEHLI DCT SEAGL L207 MUSYL/N0448F360 L207 VUH DCT MONNT DCT CRIED WHINY4 | I104: 340 | J104: I | K104: S | L104: 541 | M104: KEHLI | N104: 46267.819 | O104: 340 | P104: M | Q104: 40 | R104: =IF(G104="12R",_xlfn.XLOOKUP(C104,DB!$A$2:$A$222,DB!$B$2:$B$222,""),IF(G104="30L",_xlfn.XLOOKUP(C104,DB!$A$2:$A$222,DB!$C$2:$C$222,""),"")) -> ENEBA | S104: =HOUR(F104) -> 18 | T104: =_xlfn.XLOOKUP(C104,DB!$A$2:$A$222,DB!$D$2:$D$222,"") -> Sector 3
A105: XAVGV | B105: MMUN | C105: XHOL | D105: C206 | F105: 46267.792 | G105: 12R | H105: DCT | I105: 15 | J105: V | K105: G | L105: 74 | M105: XHOL | N105: 46267.814 | O105: 0 | P105: L | Q105: 15 | R105: =IF(G105="12R",_xlfn.XLOOKUP(C105,DB!$A$2:$A$222,DB!$B$2:$B$222,""),IF(G105="30L",_xlfn.XLOOKUP(C105,DB!$A$2:$A$222,DB!$C$2:$C$222,""),"")) | S105: =HOUR(F105) -> 19 | T105: =_xlfn.XLOOKUP(C105,DB!$A$2:$A$222,DB!$D$2:$D$222,"")
A106: CMP326 | B106: MMUN | C106: MPTO | D106: B738 | E106: HP1538 | F106: 46267.795 | G106: 12R | H106: S12R 2100N08650W TAKUX UM782 OMIRO/N0457F370 UN420 PELRA DCT SPP DCT MORLI OSUPA2 | I106: 350 | J106: I | K106: S | L106: 149 | M106: TAKUX | N106: 46267.805 | O106: 278 | P106: M | Q106: 190 | R106: =IF(G106="12R",_xlfn.XLOOKUP(C106,DB!$A$2:$A$222,DB!$B$2:$B$222,""),IF(G106="30L",_xlfn.XLOOKUP(C106,DB!$A$2:$A$222,DB!$C$2:$C$222,""),"")) -> TAKUX | S106: =HOUR(F106) -> 19 | T106: =_xlfn.XLOOKUP(C106,DB!$A$2:$A$222,DB!$D$2:$D$222,"") -> Sector 7
A107: WJA2129 | B107: MMUN | C107: CYYZ | D107: B38M | E107: CGLWS | F107: 46267.797 | G107: 12R | H107: S12R SR00 SR01 SR02 ROTGI UM219 MYDIA/M079F350 M219 CIGAR DCT KNOST/N0461F350 DCT CAMJO DCT DANCO DCT OXMAN LINNG3 | I107: 350 | J107: I | K107: S | L107: 359 | M107: MYDIA | N107: 46267.818 | O107: 350 | P107: M | Q107: 40 | R107: =IF(G107="12R",_xlfn.XLOOKUP(C107,DB!$A$2:$A$222,DB!$B$2:$B$222,""),IF(G107="30L",_xlfn.XLOOKUP(C107,DB!$A$2:$A$222,DB!$C$2:$C$222,""),"")) -> OMSUK | S107: =HOUR(F107) -> 19 | T107: =_xlfn.XLOOKUP(C107,DB!$A$2:$A$222,DB!$D$2:$D$222,"") -> Sector 3
A108: JBU1014 | B108: MMUN | C108: KMCO | D108: A320 | E108: N641JB | F108: 46267.798 | G108: 12R | H108: S12R T12R6 UN415 UN413 2108N08609W 2110N08605W FRANT UG765 MAXIM Y262 TUNSL DCT KUTNE MUNGI1 | I108: 390 | J108: I | K108: S | L108: 136 | M108: 2127N08544W | N108: 46267.807 | O108: 275 | P108: M | Q108: 190 | R108: =IF(G108="12R",_xlfn.XLOOKUP(C108,DB!$A$2:$A$222,DB!$B$2:$B$222,""),IF(G108="30L",_xlfn.XLOOKUP(C108,DB!$A$2:$A$222,DB!$C$2:$C$222,""),"")) -> OMSUK | S108: =HOUR(F108) -> 19 | T108: =_xlfn.XLOOKUP(C108,DB!$A$2:$A$222,DB!$D$2:$D$222,"") -> Sector 3
A109: DAL1911 | B109: MMUN | C109: KDTW | D109: B739 | E109: N925DZ | F109: 46267.801 | G109: 12R | H109: S12R 2101N08651W T12L6 2101N08648W NC29 ROTGI UM219 MYDIA M219 KNOST Q109 BRUTS Q118 THRSR DCT VXV DCT SPAYD DCT HNN/N0467F350 DCT SUBWY HTROD2 | I109: 350 | J109: I | K109: S | L109: 349 | M109: MYDIA | N109: 46267.82 | O109: 330 | P109: M | Q109: 40 | R109: =IF(G109="12R",_xlfn.XLOOKUP(C109,DB!$A$2:$A$222,DB!$B$2:$B$222,""),IF(G109="30L",_xlfn.XLOOKUP(C109,DB!$A$2:$A$222,DB!$C$2:$C$222,""),"")) -> OMSUK | S109: =HOUR(F109) -> 19 | T109: =_xlfn.XLOOKUP(C109,DB!$A$2:$A$222,DB!$D$2:$D$222,"") -> Sector 3
A110: ACA1403 | B110: MMUN | C110: CYUL | D110: B38M | E110: CGMLZ | F110: 46267.804 | G110: 12R | H110: S12R SR00 SR01 SR02 SR03 ROTGI UM219 MYDIA/M078F370 M219 CULLY/N0458F370 M219 KNOST DCT CAMJO DCT TEEEM Q99 POLYY DCT OGRAE DCT AUDII DCT FAK DCT RBV DCT LLUND DCT CAM DCT JASDU DCT PBERG CARTR5 | I110: 370 | J110: I | K110: S | L110: 359 | M110: MYDIA | N110: 46267.824 | O110: 370 | P110: M | Q110: 40 | R110: =IF(G110="12R",_xlfn.XLOOKUP(C110,DB!$A$2:$A$222,DB!$B$2:$B$222,""),IF(G110="30L",_xlfn.XLOOKUP(C110,DB!$A$2:$A$222,DB!$C$2:$C$222,""),"")) -> OMSUK | S110: =HOUR(F110) -> 19 | T110: =_xlfn.XLOOKUP(C110,DB!$A$2:$A$222,DB!$D$2:$D$222,"") -> Sector 3
A111: AAL2665 | B111: MMUN | C111: KMIA | D111: A321 | E111: N155NN | F111: 46267.805 | G111: 12R | H111: NUDAL1A NUDAL UV106 PODON UG765 MAXIM SNDBR3 | I111: 370 | J111: I | K111: S | L111: 136 | M111: NUDAL | N111: 46267.814 | O111: 267 | P111: M | Q111: 190 | R111: =IF(G111="12R",_xlfn.XLOOKUP(C111,DB!$A$2:$A$222,DB!$B$2:$B$222,""),IF(G111="30L",_xlfn.XLOOKUP(C111,DB!$A$2:$A$222,DB!$C$2:$C$222,""),"")) -> NUDAL | S111: =HOUR(F111) -> 19 | T111: =_xlfn.XLOOKUP(C111,DB!$A$2:$A$222,DB!$D$2:$D$222,"") -> Sector 3
A112: DAL1878 | B112: MMUN | C112: KMSP | D112: A321 | E112: N334DN | F112: 46267.806 | G112: 12R | H112: S12R 2101N08651W T12R6 2100N08648W 2101N08648W 2102N08647W NOSUG UT27 PISAD L333 HRV DCT MCB DCT MHZ DCT IZAAC DCT MEMFS DCT KIMEL J35 FAM J151 STL/N0455F360 DCT IOW DCT MNOSO BLUEM5 | I112: 360 | J112: I | K112: S | L112: 374 | M112: PISAD | N112: 46267.828 | O112: 360 | P112: M | Q112: 40 | R112: =IF(G112="12R",_xlfn.XLOOKUP(C112,DB!$A$2:$A$222,DB!$B$2:$B$222,""),IF(G112="30L",_xlfn.XLOOKUP(C112,DB!$A$2:$A$222,DB!$C$2:$C$222,""),"")) -> ENEBA | S112: =HOUR(F112) -> 19 | T112: =_xlfn.XLOOKUP(C112,DB!$A$2:$A$222,DB!$D$2:$D$222,"") -> Sector 3
A113: THY184 | B113: MMUN | C113: LTFM | D113: B789 | E113: TCLME | F113: 46267.808 | G113: 12R | H113: NUDAL1A NUDAL UV106 PODON UG765 MAXIM Y262 ZFP BR65V STIFF A699 SUMRS/M084F350 M204 SOORY/N0484F370 NATZ 43N050W/N0481F370 NATZ 46N040W/M083F370 NATZ ATSUR DCT GIPER/N0477F390 DCT LEDGO DCT OXLOW DCT KONAN UL607 KOK DCT LIRSU DCT LALMI DCT ABTAL DCT LATLO DCT OBEDI DCT KLAGY DCT ZINPE DCT ETIDA T390 RILEX | I113: 350 | J113: I | K113: S | L113: 136 | M113: NUDAL | N113: 46267.817 | O113: 217 | P113: H | Q113: 190 | R113: =IF(G113="12R",_xlfn.XLOOKUP(C113,DB!$A$2:$A$222,DB!$B$2:$B$222,""),IF(G113="30L",_xlfn.XLOOKUP(C113,DB!$A$2:$A$222,DB!$C$2:$C$222,""),"")) -> NUDAL | S113: =HOUR(F113) -> 19 | T113: =_xlfn.XLOOKUP(C113,DB!$A$2:$A$222,DB!$D$2:$D$222,"") -> Sector 3
A114: DAL597 | B114: MMUN | C114: KATL | D114: A321 | E114: N335DN | F114: 46267.81 | G114: 12R | H114: S12R 2101N08651W 2100N08649W 2101N08648W 2102N08648W ROTGI UM219 MYDIA M219 KNOST DCT AMORY Q110 JOKKY/N0455F360 Q110 DAWWN DCT BEORN GNDLF3 | I114: 350 | J114: I | K114: S | L114: 350 | M114: MYDIA | N114: 46267.829 | O114: 344 | P114: M | Q114: 40 | R114: =IF(G114="12R",_xlfn.XLOOKUP(C114,DB!$A$2:$A$222,DB!$B$2:$B$222,""),IF(G114="30L",_xlfn.XLOOKUP(C114,DB!$A$2:$A$222,DB!$C$2:$C$222,""),"")) -> ENEBA | S114: =HOUR(F114) -> 19 | T114: =_xlfn.XLOOKUP(C114,DB!$A$2:$A$222,DB!$D$2:$D$222,"") -> Sector 3
A115: LRC651 | B115: MMUN | C115: MGGT | D115: A20N | E115: N779AV | F115: 46267.81 | G115: 12R | H115: S12R T12R6 2100N08650W N13S 2041N08651W UN611 CTM UG765 IMATA/N0391F340 UG765 AUR DCT | I115: 340 | J115: I | K115: S | L115: 330 | M115: CTM | N115: 46267.829 | O115: 340 | P115: M | Q115: 190 | R115: =IF(G115="12R",_xlfn.XLOOKUP(C115,DB!$A$2:$A$222,DB!$B$2:$B$222,""),IF(G115="30L",_xlfn.XLOOKUP(C115,DB!$A$2:$A$222,DB!$C$2:$C$222,""),"")) -> CZM | S115: =HOUR(F115) -> 19 | T115: =_xlfn.XLOOKUP(C115,DB!$A$2:$A$222,DB!$D$2:$D$222,"") -> Sector 7
A116: SWA306 | B116: MMUN | C116: KHOU | D116: B737 | E116: N7751A | F116: 46267.811 | G116: 12R | H116: S12R 2100N08650W SR0 2101N08647W 2102N08646W 2145N08655W NOSUG 2326N08844W 2339N08858W KEHLI A766 KELPP BAYYY5 | I116: 360 | J116: I | K116: S | L116: 525 | M116: KEHLI | N116: 46267.839 | O116: 360 | P116: M | Q116: 40 | R116: =IF(G116="12R",_xlfn.XLOOKUP(C116,DB!$A$2:$A$222,DB!$B$2:$B$222,""),IF(G116="30L",_xlfn.XLOOKUP(C116,DB!$A$2:$A$222,DB!$C$2:$C$222,""),"")) -> ENEBA | S116: =HOUR(F116) -> 19 | T116: =_xlfn.XLOOKUP(C116,DB!$A$2:$A$222,DB!$D$2:$D$222,"") -> Sector 3
A117: UAL1275 | B117: MMUN | C117: KLAX | D117: B739 | E117: N37465 | F117: 46267.812 | G117: 12R | H117: S12R T12R6 2056N08653W 2048N08701W 2048N08702W 2030N08725W 2018N08735W 2017N08738W 2017N08747W 2021N08751W MID/N0459F360 NOTEN UT37 EBDUB DCT ETMES UJ53 REX DCT DLF DCT KOBLE DCT ELP DCT CULTS J104 WLVRN DCT ESTWD HLYWD1 | I117: 360 | J117: I | K117: S | L117: 921 | M117: NOTEN | N117: 46267.858 | O117: 360 | P117: M | Q117: 190 | R117: =IF(G117="12R",_xlfn.XLOOKUP(C117,DB!$A$2:$A$222,DB!$B$2:$B$222,""),IF(G117="30L",_xlfn.XLOOKUP(C117,DB!$A$2:$A$222,DB!$C$2:$C$222,""),"")) -> UDGUV | S117: =HOUR(F117) -> 19 | T117: =_xlfn.XLOOKUP(C117,DB!$A$2:$A$222,DB!$D$2:$D$222,"") -> Sector 2
... A125: VIV1023 | B125: MMUN | C125: MMMX | D125: A21N | E125: XAVBA | F125: 46267.827 | G125: 12R | H125: S12R T12R6 UN418 UN409 2051N08843W HEROE UBVOV DCT UMAVO UT101 ENAGA ENAGA3A | I125: 360 | J125: I | K125: S | L125: 859 | M125: UBVOV | N125: 46267.873 | O125: 360 | P125: M | Q125: 190 | R125: =IF(G125="12R",_xlfn.XLOOKUP(C125,DB!$A$2:$A$222,DB!$B$2:$B$222,""),IF(G125="30L",_xlfn.XLOOKUP(C125,DB!$A$2:$A$222,DB!$C$2:$C$222,""),"")) -> UDGUV | S125: =HOUR(F125) -> 19 | T125: =_xlfn.XLOOKUP(C125,DB!$A$2:$A$222,DB!$D$2:$D$222,"") -> Sector 2
A126: XBBVZ | B126: MMUN | C126: MMUN | D126: C152 | F126: 46267.831 | G126: 12R | H126: LCLUN CUN | I126: 15 | J126: V | K126: G | L126: 104 | M126: MMUN | N126: 46267.86 | O126: 0 | P126: L | Q126: 15 | R126: =IF(G126="12R",_xlfn.XLOOKUP(C126,DB!$A$2:$A$222,DB!$B$2:$B$222,""),IF(G126="30L",_xlfn.XLOOKUP(C126,DB!$A$2:$A$222,DB!$C$2:$C$222,""),"")) | S126: =HOUR(F126) -> 19 | T126: =_xlfn.XLOOKUP(C126,DB!$A$2:$A$222,DB!$D$2:$D$222,"")
A127: SWA1608 | B127: MMUN | C127: KBWI | D127: B737 | E127: N563WN | F127: 46267.833 | G127: 12R | H127: S12R SR00 SR01 SR02 SR03 ROTGI UM219 MYDIA M219 KNOST Q109 CAMJO Q99 OGRAE DCT GOOOB DCT THHMP RAVNN9 | I127: 410 | J127: I | K127: S | L127: 359 | M127: MYDIA | N127: 46267.854 | O127: 410 | P127: M | Q127: 40 | R127: =IF(G127="12R",_xlfn.XLOOKUP(C127,DB!$A$2:$A$222,DB!$B$2:$B$222,""),IF(G127="30L",_xlfn.XLOOKUP(C127,DB!$A$2:$A$222,DB!$C$2:$C$222,""),"")) -> OMSUK | S127: =HOUR(F127) -> 20 | T127: =_xlfn.XLOOKUP(C127,DB!$A$2:$A$222,DB!$D$2:$D$222,"") -> Sector 3
A128: UAL1123 | B128: MMUN | C128: KIAH | D128: B39M | E128: N37535 | F128: 46267.835 | G128: 12R | H128: S12R SR00 SR01 ENEBA 2138N08655W 2143N08655W DUTNA L208 PEGLG NNCEE2 | I128: 360 | J128: I | K128: S | L128: 643 | M128: DUTNA | N128: 46267.868 | O128: 360 | P128: M | Q128: 40 | R128: =IF(G128="12R",_xlfn.XLOOKUP(C128,DB!$A$2:$A$222,DB!$B$2:$B$222,""),IF(G128="30L",_xlfn.XLOOKUP(C128,DB!$A$2:$A$222,DB!$C$2:$C$222,""),"")) -> ENEBA | S128: =HOUR(F128) -> 20 | T128: =_xlfn.XLOOKUP(C128,DB!$A$2:$A$222,DB!$D$2:$D$222,"") -> Sector 3
A129: VOI3502 | B129: MMUN | C129: MMLO | D129: A20N | E129: XAVUU | F129: 46267.836 | G129: 12R | H129: UDGUV2A UDGUV UT78 UKOKO 2050N08823W 2059N08906W 2100N08913W 2114N08958W LIDAM UT23 TAM UJ14 TMN UT147 SLP UJ40 LIBOL LIBOL1B | I129: 380 | J129: I | K129: S | L129: 869 | M129: LIDAM | N129: 46267.881 | O129: 380 | P129: M | Q129: 190 | R129: =IF(G129="12R",_xlfn.XLOOKUP(C129,DB!$A$2:$A$222,DB!$B$2:$B$222,""),IF(G129="30L",_xlfn.XLOOKUP(C129,DB!$A$2:$A$222,DB!$C$2:$C$222,""),"")) -> UDGUV | S129: =HOUR(F129) -> 20 | T129: =_xlfn.XLOOKUP(C129,DB!$A$2:$A$222,DB!$D$2:$D$222,"") -> Sector 2
A130: N800FJ | B130: MMUN | C130: KOPF | D130: H25B | F130: 46267.837 | G130: 12R | H130: S12R SR00 SR01 SR02 SR03 2129N08644W 2147N08634W 2152N08633W CANOA DCT EYW DCT | I130: 370 | J130: I | K130: G | L130: 185 | M130: 2212N08601W | N130: 46267.85 | O130: 357 | P130: M | Q130: 40 | R130: =IF(G130="12R",_xlfn.XLOOKUP(C130,DB!$A$2:$A$222,DB!$B$2:$B$222,""),IF(G130="30L",_xlfn.XLOOKUP(C130,DB!$A$2:$A$222,DB!$C$2:$C$222,""),"")) -> OMSUK | S130: =HOUR(F130) -> 20 | T130: =_xlfn.XLOOKUP(C130,DB!$A$2:$A$222,DB!$D$2:$D$222,"") -> Sector 3
A131: VIV2174 | B131: MMUN | C131: MMMY | D131: A20N | E131: XAVIQ | F131: 46267.838 | G131: 12R | H131: S12R T12R6 UN418 UN409 UN419 2052N08725W 2052N08727W 2053N08803W IZAML NOTEN UT37 SESNO UJ15E RETOS RETOS1A | I131: 380 | J131: I | K131: S | L131: 870 | M131: NOTEN | N131: 46267.883 | O131: 380 | P131: M | Q131: 190 | R131: =IF(G131="12R",_xlfn.XLOOKUP(C131,DB!$A$2:$A$222,DB!$B$2:$B$222,""),IF(G131="30L",_xlfn.XLOOKUP(C131,DB!$A$2:$A$222,DB!$C$2:$C$222,""),"")) -> UDGUV | S131: =HOUR(F131) -> 20 | T131: =_xlfn.XLOOKUP(C131,DB!$A$2:$A$222,DB!$D$2:$D$222,"") -> Sector 2
A132: VIV2062 | B132: MMUN | C132: MMQT | D132: A20N | E132: XAVIB | F132: 46267.84 | G132: 12R | H132: UDGUV2A UDGUV DCT 2052N08842W 2053N08852W MID DCT LIDAM UT23 TAM UJ14 TMN DCT MORAS UJ17 QET DCT | I132: 380 | J132: I | K132: S | L132: 869 | M132: LIDAM | N132: 46267.885 | O132: 380 | P132: M | Q132: 190 | R132: =IF(G132="12R",_xlfn.XLOOKUP(C132,DB!$A$2:$A$222,DB!$B$2:$B$222,""),IF(G132="30L",_xlfn.XLOOKUP(C132,DB!$A$2:$A$222,DB!$C$2:$C$222,""),"")) -> UDGUV | S132: =HOUR(F132) -> 20 | T132: =_xlfn.XLOOKUP(C132,DB!$A$2:$A$222,DB!$D$2:$D$222,"") -> Sector 2
A133: VOI3532 | B133: MMUN | C133: MMSM | D133: A320 | E133: N518VL | F133: 46267.842 | G133: 12R | H133: S12R T12R6 UN418 UN409 UN419 UN432 2049N08740W DURPI DCT UBVOV UT101 UMAVO UT169 VITOS VITOS2A | I133: 380 | J133: I | K133: S | L133: 859 | M133: UBVOV | N133: 46267.887 | O133: 380 | P133: M | Q133: 190 | R133: =IF(G133="12R",_xlfn.XLOOKUP(C133,DB!$A$2:$A$222,DB!$B$2:$B$222,""),IF(G133="30L",_xlfn.XLOOKUP(C133,DB!$A$2:$A$222,DB!$C$2:$C$222,""),"")) -> UDGUV | S133: =HOUR(F133) -> 20 | T133: =_xlfn.XLOOKUP(C133,DB!$A$2:$A$222,DB!$D$2:$D$222,"") -> Sector 2
A134: VOI3482 | B134: MMUN | C134: MMTO | D134: A320 | E134: XAVVB | F134: 46267.846 | G134: 12R | H134: S12R T12R6 UN418 2053N08656W 2051N08658W 2013N08733W 2000N08748W UBVOV UT20 PAZ UT104 LENUL LENUL2B | I134: 360 | J134: I | K134: S | L134: 914 | M134: UBVOV | N134: 46267.896 | O134: 360 | P134: M | Q134: 190 | R134: =IF(G134="12R",_xlfn.XLOOKUP(C134,DB!$A$2:$A$222,DB!$B$2:$B$222,""),IF(G134="30L",_xlfn.XLOOKUP(C134,DB!$A$2:$A$222,DB!$C$2:$C$222,""),"")) -> UDGUV | S134: =HOUR(F134) -> 20 | T134: =_xlfn.XLOOKUP(C134,DB!$A$2:$A$222,DB!$D$2:$D$222,"") -> Sector 2
A135: DAL1962 | B135: MMUN | C135: KATL | D135: B739 | E135: N852DN | F135: 46267.851 | G135: 12R | H135: S12R SR00 SR01 SR02 SR03 ROTGI UM219 MYDIA M219 KNOST DCT AMORY Q110 JOKKY/N0452F360 Q110 DAWWN DCT BEORN GNDLF3 | I135: 350 | J135: I | K135: S | L135: 359 | M135: MYDIA | N135: 46267.871 | O135: 350 | P135: M | Q135: 40 | R135: =IF(G135="12R",_xlfn.XLOOKUP(C135,DB!$A$2:$A$222,DB!$B$2:$B$222,""),IF(G135="30L",_xlfn.XLOOKUP(C135,DB!$A$2:$A$222,DB!$C$2:$C$222,""),"")) -> ENEBA | S135: =HOUR(F135) -> 20 | T135: =_xlfn.XLOOKUP(C135,DB!$A$2:$A$222,DB!$D$2:$D$222,"") -> Sector 3
A136: UAL1136 | B136: MMUN | C136: KDEN | D136: B39M | E136: N37514 | F136: 46267.864 | G136: 12R | H136: S12R SR00 SR01 SR02 SR03 2151N08656W 2156N08657W 2328N09013W 2355N09048W DUTNA PEGLG SEAGL L207 VUH DCT KH06E/N0460F360 DCT BRDEN DCT KF21C DCT SPS DCT HALEN NIIXX4 | I136: 340 | J136: I | K136: S | L136: 659 | M136: DUTNA | N136: 46267.897 | O136: 320 | P136: M | Q136: 40 | R136: =IF(G136="12R",_xlfn.XLOOKUP(C136,DB!$A$2:$A$222,DB!$B$2:$B$222,""),IF(G136="30L",_xlfn.XLOOKUP(C136,DB!$A$2:$A$222,DB!$C$2:$C$222,""),"")) -> UDGUV | S136: =HOUR(F136) -> 20 | T136: =_xlfn.XLOOKUP(C136,DB!$A$2:$A$222,DB!$D$2:$D$222,"") -> Sector 2
A137: N566GL | B137: MMUN | C137: MMAN | D137: PC12 | F137: 46267.865 | G137: 12R | H137: S12R 2101N08651W T12R6 2053N08651W 2051N08656W 2051N08713W 2050N08716W 2051N08739W 2051N08740W 2050N08747W 2049N08834W 2050N08836W 2104N08908W PERGO UT37 SESNO UJ15E RETOS DCT | I137: 240 | J137: I | K137: G | L137: 880 | M137: NOTEN | N137: 46267.951 | O137: 240 | P137: L | Q137: 40 | R137: =IF(G137="12R",_xlfn.XLOOKUP(C137,DB!$A$2:$A$222,DB!$B$2:$B$222,""),IF(G137="30L",_xlfn.XLOOKUP(C137,DB!$A$2:$A$222,DB!$C$2:$C$222,""),"")) -> UDGUV | S137: =HOUR(F137) -> 20 | T137: =_xlfn.XLOOKUP(C137,DB!$A$2:$A$222,DB!$D$2:$D$222,"") -> Sector 2
A138: JBU1496 | B138: MMUN | C138: KFLL | D138: A320 | E138: N618JB | F138: 46267.868 | G138: 12R | H138: S12R T12R6 2100N08650W SEVKA NUDAL UV106 PODON UG765 MAXIM BHHIA3 | I138: 350 | J138: I | K138: S | L138: 150 | M138: NUDAL | N138: 46267.877 | O138: 262 | P138: M | Q138: 190 | R138: =IF(G138="12R",_xlfn.XLOOKUP(C138,DB!$A$2:$A$222,DB!$B$2:$B$222,""),IF(G138="30L",_xlfn.XLOOKUP(C138,DB!$A$2:$A$222,DB!$C$2:$C$222,""),"")) -> NUDAL | S138: =HOUR(F138) -> 20 | T138: =_xlfn.XLOOKUP(C138,DB!$A$2:$A$222,DB!$D$2:$D$222,"") -> Sector 3
A139: ARG1324 | B139: MMUN | C139: SAEZ | D139: A332 | E139: LVKHU | F139: 46267.871 | G139: 12R | H139: TAKUX2A TAKUX UM782 OMIRO UN420 SPP/N0474F370 UN420 MORLI/N0472F380 DCT TINPA/N0473F370 DCT VAMOS/N0471F380 DCT GYV/N0469F390 DCT VAKUD UL780 TRU/N0465F410 UL780 ISREN UM542 ILMAR/M081F410 UL302 IREMI/M081F410 UL302 ELASA/N0464F410 UL650 GEKAL UT691 LAR UW16 CBA UW24 SNT SNT7U | I139: 370 | J139: I | K139: S | L139: 153 | M139: TAKUX | N139: 46267.88 | O139: 284 | P139: H | Q139: 190 | R139: =IF(G139="12R",_xlfn.XLOOKUP(C139,DB!$A$2:$A$222,DB!$B$2:$B$222,""),IF(G139="30L",_xlfn.XLOOKUP(C139,DB!$A$2:$A$222,DB!$C$2:$C$222,""),"")) -> CZM | S139: =HOUR(F139) -> 20 | T139: =_xlfn.XLOOKUP(C139,DB!$A$2:$A$222,DB!$D$2:$D$222,"") -> Sector 7
A140: AAL2652 | B140: MMUN | C140: KDFW | D140: A21N | E140: N952XV | F140: 46267.872 | G140: 12R | H140: S12R 2101N08650W 2101N08647W NOSUG KEHLI A766 LAURL/N0454F360 A766 SBI DCT CRIED BEREE3 | I140: 340 | J140: I | K140: S | L140: 520 | M140: KEHLI | N140: 46267.9 | O140: 300 | P140: M | Q140: 40 | R140: =IF(G140="12R",_xlfn.XLOOKUP(C140,DB!$A$2:$A$222,DB!$B$2:$B$222,""),IF(G140="30L",_xlfn.XLOOKUP(C140,DB!$A$2:$A$222,DB!$C$2:$C$222,""),"")) -> ENEBA | S140: =HOUR(F140) -> 20 | T140: =_xlfn.XLOOKUP(C140,DB!$A$2:$A$222,DB!$D$2:$D$222,"") -> Sector 3
A141: VOI3622 | B141: MMUN | C141: MMAS | D141: A20N | E141: XAVRY | F141: 46267.874 | G141: 12R | H141: UDGUV2A UDGUV 2051N08758W 2051N08809W 2052N08821W 2056N08850W 2103N08907W 2112N08926W 2123N08948W 2121N09023W 2122N09031W LIDAM UT23 TAM UJ14 TMN UT147 BOPAX BOPAX1B | I141: 380 | J141: I | K141: S | L141: 874 | M141: LIDAM | N141: 46267.92 | O141: 380 | P141: M | Q141: 190 | R141: =IF(G141="12R",_xlfn.XLOOKUP(C141,DB!$A$2:$A$222,DB!$B$2:$B$222,""),IF(G141="30L",_xlfn.XLOOKUP(C141,DB!$A$2:$A$222,DB!$C$2:$C$222,""),"")) -> UDGUV | S141: =HOUR(F141) -> 20 | T141: =_xlfn.XLOOKUP(C141,DB!$A$2:$A$222,DB!$D$2:$D$222,"") -> Sector 2
A142: LPE2459 | B142: MMUN | C142: SPJC | D142: A320 | E142: CCBAK | F142: 46267.876 | G142: 12R | H142: ALSUP1C UB881 BTO UZ498 MGA UZ512 LIXAS UL203 ARNEL UM542 TAL UV1 ATATU ATATU4 | I142: 350 | J142: I | K142: S | L142: 219 | M142: ANIKO | N142: 46267.89 | O142: 317 | P142: M | Q142: 190 | R142: =IF(G142="12R",_xlfn.XLOOKUP(C142,DB!$A$2:$A$222,DB!$B$2:$B$222,""),IF(G142="30L",_xlfn.XLOOKUP(C142,DB!$A$2:$A$222,DB!$C$2:$C$222,""),"")) -> CZM | S142: =HOUR(F142) -> 21 | T142: =_xlfn.XLOOKUP(C142,DB!$A$2:$A$222,DB!$D$2:$D$222,"") -> Sector 7
...

Sheet 2026-09-03
A1: callsign | B1: adep | C1: ades | D1: aircraft_type | E1: aircraft_registration | F1: atd | G1: dep_runway | H1: route | I1: rfl | J1: flight_rule | K1: flight_type | L1: distance_flown_in_fir | M1: exit_point | N1: exit_hour | O1: exit_level | P1: wtc | Q1: nfl | R1: SID_resuelto | S1: Hora_UTC | T1: Sector_resuelto
A2: VOI1051 | B2: MMUN | C2: MMGL | D2: A21N | E2: XAVSL | F2: 46268.014 | G2: 12R | H2: S12R 2101N08651W NC29 L36 UDGUV UT78 UKOKO LIDAM UT23 ONBUL/N0447F360 UT23 TAM UJ14 TMN UT147 SLP/N0435F300 UT147 AGU/N0425F260 UT44 MEZCA/N0331F160 MEZCA1B | I2: 360 | J2: I | K2: S | L2: 894 | M2: LIDAM | N2: 46268.061 | O2: 360 | P2: M | Q2: 190 | R2: =IF(G2="12R",_xlfn.XLOOKUP(C2,DB!$A$2:$A$222,DB!$B$2:$B$222,""),IF(G2="30L",_xlfn.XLOOKUP(C2,DB!$A$2:$A$222,DB!$C$2:$C$222,""),"")) -> UDGUV | S2: =HOUR(F2) -> 0 | T2: =_xlfn.XLOOKUP(C2,DB!$A$2:$A$222,DB!$D$2:$D$222,"") -> Sector 2
A3: VOI5589 | B3: MMUN | C3: MMMY | D3: A20N | E3: XAVRW | F3: 46268.027 | G3: 12R | H3: UDGUV2A UDGUV UT78 UKOKO 2050N08858W 2051N08906W NOTEN UT37 SESNO/N0456F200 UJ15E RETOS RETOS1A | I3: 380 | J3: I | K3: S | L3: 876 | M3: NOTEN | N3: 46268.072 | O3: 380 | P3: M | Q3: 190 | R3: =IF(G3="12R",_xlfn.XLOOKUP(C3,DB!$A$2:$A$222,DB!$B$2:$B$222,""),IF(G3="30L",_xlfn.XLOOKUP(C3,DB!$A$2:$A$222,DB!$C$2:$C$222,""),"")) -> UDGUV | S3: =HOUR(F3) -> 0 | T3: =_xlfn.XLOOKUP(C3,DB!$A$2:$A$222,DB!$D$2:$D$222,"") -> Sector 2
A4: WJA2777 | B4: MMUN | C4: CYYZ | D4: B38M | E4: CFEWJ | F4: 46268.028 | G4: 12R | H4: S12R SR00 SR01 SR02 SR03 ROTGI UM219 MYDIA/M078F370 M219 CIGAR/N0455F370 DCT WORXS DCT KEMAN DCT OXMAN LINNG3 | I4: 370 | J4: I | K4: S | L4: 359 | M4: MYDIA | N4: 46268.049 | O4: 350 | P4: M | Q4: 40 | R4: =IF(G4="12R",_xlfn.XLOOKUP(C4,DB!$A$2:$A$222,DB!$B$2:$B$222,""),IF(G4="30L",_xlfn.XLOOKUP(C4,DB!$A$2:$A$222,DB!$C$2:$C$222,""),"")) -> OMSUK | S4: =HOUR(F4) -> 0 | T4: =_xlfn.XLOOKUP(C4,DB!$A$2:$A$222,DB!$D$2:$D$222,"") -> Sector 3
A5: BAW2202 | B5: MMUN | C5: EGKK | D5: B772 | E5: GYMME | F5: 46268.048 | G5: 12R | H5: S12R T12R6 UN415 NUDAL UV106 PODON UG765 MAXIM DCT EYW DCT PBI A699 PERMT/N0485F370 A699 LOUIZ/M083F370 A699 SUMRS M204 SOORY/M083F380 DCT 43N050W 46N040W/M082F390 48N030W 50N020W DCT SOMAX DCT ATSUR DCT GAPLI/N0467F390 DCT SIDDI/N0416F270 DCT DAWLY DCT ELRIP DCT OTMET OTMET1G | I5: 350 | J5: I | K5: S | L5: 135 | M5: NUDAL | N5: 46268.058 | O5: 225 | P5: H | Q5: 190 | R5: =IF(G5="12R",_xlfn.XLOOKUP(C5,DB!$A$2:$A$222,DB!$B$2:$B$222,""),IF(G5="30L",_xlfn.XLOOKUP(C5,DB!$A$2:$A$222,DB!$C$2:$C$222,""),"")) -> NUDAL | S5: =HOUR(F5) -> 1 | T5: =_xlfn.XLOOKUP(C5,DB!$A$2:$A$222,DB!$D$2:$D$222,"") -> Sector 3
A6: WFL2502 | B6: MMUN | C6: LEMD | D6: A333 | E6: ECKCP | F6: 46268.051 | G6: 12R | H6: S12R 2101N08651W NUDAL UV106 PODON UG765 MAXIM Y262 ZFP DCT NUCAR A699 SUMRS/M082F350 M204 LUNKR/M082F370 M204 SOORY DCT 42N050W/M082F370 43N040W 44N030W 44N020W/M082F390 DCT KOPAS/N0468F390 DCT STG/N0472F380 N733 ZMR | I6: 350 | J6: I | K6: S | L6: 133 | M6: NUDAL | N6: 46268.06 | O6: 184 | P6: H | Q6: 190 | R6: =IF(G6="12R",_xlfn.XLOOKUP(C6,DB!$A$2:$A$222,DB!$B$2:$B$222,""),IF(G6="30L",_xlfn.XLOOKUP(C6,DB!$A$2:$A$222,DB!$C$2:$C$222,""),"")) -> NUDAL | S6: =HOUR(F6) -> 1 | T6: =_xlfn.XLOOKUP(C6,DB!$A$2:$A$222,DB!$D$2:$D$222,"") -> Sector 3
A7: JBU772 | B7: MMUN | C7: KBOS | D7: BCS3 | E7: N3138J | F7: 46268.053 | G7: 12R | H7: S12R SR00 SR01 SR02 SR03 SR04 2122N08645W 2124N08644W ROTGI UM219 MYDIA M219 CIGAR DCT KNOST DCT CAMJO Q109 TEEEM Q99 BLAAN/N0448F370 Q99 POLYY DCT DADDS Q87 GEARS DCT BBOBO Q22 RBV Q419 JFK ROBUC3 | I7: 350 | J7: I | K7: S | L7: 360 | M7: MYDIA | N7: 46268.073 | O7: 350 | P7: M | Q7: 40 | R7: =IF(G7="12R",_xlfn.XLOOKUP(C7,DB!$A$2:$A$222,DB!$B$2:$B$222,""),IF(G7="30L",_xlfn.XLOOKUP(C7,DB!$A$2:$A$222,DB!$C$2:$C$222,""),"")) -> OMSUK | S7: =HOUR(F7) -> 1 | T7: =_xlfn.XLOOKUP(C7,DB!$A$2:$A$222,DB!$D$2:$D$222,"") -> Sector 3
A8: AMX555 | B8: MMUN | C8: MMMX | D8: B39M | E8: XAAMF | F8: 46268.054 | G8: 12R | H8: UDGUV2A UDGUV UT78 MEDOS UT20 UBVOV UT101 UMAVO/N0458F300 UT101 ENAGA | I8: 360 | J8: I | K8: S | L8: 859 | M8: UBVOV | N8: 46268.097 | O8: 360 | P8: M | Q8: 190 | R8: =IF(G8="12R",_xlfn.XLOOKUP(C8,DB!$A$2:$A$222,DB!$B$2:$B$222,""),IF(G8="30L",_xlfn.XLOOKUP(C8,DB!$A$2:$A$222,DB!$C$2:$C$222,""),"")) -> UDGUV | S8: =HOUR(F8) -> 1 | T8: =_xlfn.XLOOKUP(C8,DB!$A$2:$A$222,DB!$D$2:$D$222,"") -> Sector 2
A9: VIV1373 | B9: MMUN | C9: MMMX | D9: A21N | E9: XAVXD | F9: 46268.056 | G9: 12R | H9: UDGUV2A UDGUV UT78 MEDOS DCT UBVOV DCT UMAVO UT101 ENAGA ENAGA3A | I9: 360 | J9: I | K9: S | L9: 859 | M9: UBVOV | N9: 46268.1 | O9: 360 | P9: M | Q9: 190 | R9: =IF(G9="12R",_xlfn.XLOOKUP(C9,DB!$A$2:$A$222,DB!$B$2:$B$222,""),IF(G9="30L",_xlfn.XLOOKUP(C9,DB!$A$2:$A$222,DB!$C$2:$C$222,""),"")) -> UDGUV | S9: =HOUR(F9) -> 1 | T9: =_xlfn.XLOOKUP(C9,DB!$A$2:$A$222,DB!$D$2:$D$222,"") -> Sector 2
A10: VOC4071 | B10: MMUN | C10: MROC | D10: A20N | E10: N547VL | F10: 46268.059 | G10: 12R | H10: S12R T12R6 UN402 UN408 CZM UN431 GABIX DCT TUMEK DCT TIBUT DCT PIRAS BARRA4P | I10: 370 | J10: I | K10: S | L10: 205 | M10: 1914N08646W | N10: 46268.072 | O10: 370 | P10: M | Q10: 190 | R10: =IF(G10="12R",_xlfn.XLOOKUP(C10,DB!$A$2:$A$222,DB!$B$2:$B$222,""),IF(G10="30L",_xlfn.XLOOKUP(C10,DB!$A$2:$A$222,DB!$C$2:$C$222,""),"")) -> CZM | S10: =HOUR(F10) -> 1 | T10: =_xlfn.XLOOKUP(C10,DB!$A$2:$A$222,DB!$D$2:$D$222,"") -> Sector 7
A11: VTM9901 | B11: MMUN | C11: MMQT | D11: B733 | E11: XAVFI | F11: 46268.075 | G11: 12R | H11: S12R T12R6 2059N08651W 2058N08653W 2052N08726W 2050N08735W PERGO UT23 ELUNI 2144N09258W 2144N09301W 2153N09500W MORAS TARBI UJ17 QET | I11: 360 | J11: I | K11: S | L11: 864 | M11: 2153N09459W | N11: 46268.119 | O11: 360 | P11: M | Q11: 190 | R11: =IF(G11="12R",_xlfn.XLOOKUP(C11,DB!$A$2:$A$222,DB!$B$2:$B$222,""),IF(G11="30L",_xlfn.XLOOKUP(C11,DB!$A$2:$A$222,DB!$C$2:$C$222,""),"")) -> UDGUV | S11: =HOUR(F11) -> 1 | T11: =_xlfn.XLOOKUP(C11,DB!$A$2:$A$222,DB!$D$2:$D$222,"") -> Sector 2
A12: ESF610 | B12: MMUN | C12: MMMD | D12: B734 | E12: XASLG | F12: 46268.083 | G12: 12R | H12: S12R T12R6 2058N08651W 2051N08728W NAPRI NAPRI1E | I12: 220 | J12: I | K12: S | L12: 323 | M12: MMMD | N12: 46268.107 | O12: 0 | P12: M | Q12: 190 | R12: =IF(G12="12R",_xlfn.XLOOKUP(C12,DB!$A$2:$A$222,DB!$B$2:$B$222,""),IF(G12="30L",_xlfn.XLOOKUP(C12,DB!$A$2:$A$222,DB!$C$2:$C$222,""),"")) -> UDGUV | S12: =HOUR(F12) -> 1 | T12: =_xlfn.XLOOKUP(C12,DB!$A$2:$A$222,DB!$D$2:$D$222,"") -> Sector 2
A13: VIV1017 | B13: MMUN | C13: MMMX | D13: A320 | E13: XAVAM | F13: 46268.106 | G13: 12R | H13: S12R UBVOV DCT UMAVO UT101 ENAGA ENAGA3A | I13: 360 | J13: I | K13: S | L13: 847 | M13: UBVOV | N13: 46268.149 | O13: 360 | P13: M | Q13: 190 | R13: =IF(G13="12R",_xlfn.XLOOKUP(C13,DB!$A$2:$A$222,DB!$B$2:$B$222,""),IF(G13="30L",_xlfn.XLOOKUP(C13,DB!$A$2:$A$222,DB!$C$2:$C$222,""),"")) -> UDGUV | S13: =HOUR(F13) -> 2 | T13: =_xlfn.XLOOKUP(C13,DB!$A$2:$A$222,DB!$D$2:$D$222,"") -> Sector 2
... A19: VIV1021 | B19: MMUN | C19: MMMX | D19: A21N | E19: XAVXV | F19: 46268.185 | G19: 12R | H19: UDGUV2A UDGUV UT78 MEDOS DCT UBVOV DCT UMAVO UT101 ENAGA ENAGA3A | I19: 380 | J19: I | K19: S | L19: 859 | M19: UBVOV | N19: 46268.229 | O19: 360 | P19: M | Q19: 190 | R19: =IF(G19="12R",_xlfn.XLOOKUP(C19,DB!$A$2:$A$222,DB!$B$2:$B$222,""),IF(G19="30L",_xlfn.XLOOKUP(C19,DB!$A$2:$A$222,DB!$C$2:$C$222,""),"")) -> UDGUV | S19: =HOUR(F19) -> 4 | T19: =_xlfn.XLOOKUP(C19,DB!$A$2:$A$222,DB!$D$2:$D$222,"") -> Sector 2
A20: XBPLJ | B20: MMUN | C20: MMTO | D20: LJ55 | F20: 46268.322 | G20: 12R | H20: S12R T12R6 UN418 2055N08653W 2045N08749W 2042N08803W 2040N08847W 2033N09031W 2020N09316W AVIVI ELVED UT104 LENUL DCT | I20: 430 | J20: I | K20: G | L20: 866 | M20: AVIVI | N20: 46268.37 | O20: 430 | P20: M | Q20: 30 | R20: =IF(G20="12R",_xlfn.XLOOKUP(C20,DB!$A$2:$A$222,DB!$B$2:$B$222,""),IF(G20="30L",_xlfn.XLOOKUP(C20,DB!$A$2:$A$222,DB!$C$2:$C$222,""),"")) -> UDGUV | S20: =HOUR(F20) -> 7 | T20: =_xlfn.XLOOKUP(C20,DB!$A$2:$A$222,DB!$D$2:$D$222,"") -> Sector 2
A21: VOI111 | B21: MMUN | C21: MMMX | D21: A21N | E21: XAVST | F21: 46268.436 | G21: 12R | H21: UDGUV2A UDGUV UT78 DURPI DCT UBVOV UT101 UMAVO/N0433F300 UT101 ENAGA/N0331F170 ENAGA3A | I21: 360 | J21: I | K21: S | L21: 859 | M21: UBVOV | N21: 46268.481 | O21: 360 | P21: M | Q21: 190 | R21: =IF(G21="12R",_xlfn.XLOOKUP(C21,DB!$A$2:$A$222,DB!$B$2:$B$222,""),IF(G21="30L",_xlfn.XLOOKUP(C21,DB!$A$2:$A$222,DB!$C$2:$C$222,""),"")) -> UDGUV | S21: =HOUR(F21) -> 10 | T21: =_xlfn.XLOOKUP(C21,DB!$A$2:$A$222,DB!$D$2:$D$222,"") -> Sector 2
A22: AMX501 | B22: MMUN | C22: MMMX | D22: B738 | E22: XAAMJ | F22: 46268.466 | G22: 12R | H22: UDGUV2A UDGUV UT78 VIKMO 2047N09152W 2047N09201W ELURA UMAVO/N0433F300 UT101 ENAGA ENAGA3A | I22: 380 | J22: I | K22: S | L22: 861 | M22: ELURA | N22: 46268.51 | O22: 380 | P22: M | Q22: 190 | R22: =IF(G22="12R",_xlfn.XLOOKUP(C22,DB!$A$2:$A$222,DB!$B$2:$B$222,""),IF(G22="30L",_xlfn.XLOOKUP(C22,DB!$A$2:$A$222,DB!$C$2:$C$222,""),"")) -> UDGUV | S22: =HOUR(F22) -> 11 | T22: =_xlfn.XLOOKUP(C22,DB!$A$2:$A$222,DB!$D$2:$D$222,"") -> Sector 2
A23: VIV2272 | B23: MMUN | C23: MMSM | D23: A20N | E23: XAVIH | F23: 46268.47 | G23: 12R | H23: S12R T12R6 2058N08654W UDGUV UT78 XOLRO 2051N09103W 2051N09111W UBVOV TAJIN DCT VITOS VITOS2A | I23: 380 | J23: I | K23: S | L23: 860 | M23: UBVOV | N23: 46268.515 | O23: 380 | P23: M | Q23: 190 | R23: =IF(G23="12R",_xlfn.XLOOKUP(C23,DB!$A$2:$A$222,DB!$B$2:$B$222,""),IF(G23="30L",_xlfn.XLOOKUP(C23,DB!$A$2:$A$222,DB!$C$2:$C$222,""),"")) -> UDGUV | S23: =HOUR(F23) -> 11 | T23: =_xlfn.XLOOKUP(C23,DB!$A$2:$A$222,DB!$D$2:$D$222,"") -> Sector 2
A24: VIV1379 | B24: MMUN | C24: MMMX | D24: A321 | E24: XAVBI | F24: 46268.474 | G24: 12R | H24: S12R T12R6 UN418 UN409 2057N08702W UDGUV UT78 XOLRO 2050N09023W 2051N09033W 2027N09459W UMAVO UT101 ENAGA ENAGA3A | I24: 360 | J24: I | K24: S | L24: 863 | M24: 2027N09459W | N24: 46268.519 | O24: 360 | P24: M | Q24: 190 | R24: =IF(G24="12R",_xlfn.XLOOKUP(C24,DB!$A$2:$A$222,DB!$B$2:$B$222,""),IF(G24="30L",_xlfn.XLOOKUP(C24,DB!$A$2:$A$222,DB!$C$2:$C$222,""),"")) -> UDGUV | S24: =HOUR(F24) -> 11 | T24: =_xlfn.XLOOKUP(C24,DB!$A$2:$A$222,DB!$D$2:$D$222,"") -> Sector 2
A25: VIV2102 | B25: MMUN | C25: MMVR | D25: A21N | E25: XAVXD | F25: 46268.478 | G25: 12R | H25: S12R T12R6 UN418 UN409 UN419 2051N08729W 2050N08739W 2026N09001W 2025N09004W 2024N09013W OMPAN OMPAN1A | I25: 360 | J25: I | K25: S | L25: 876 | M25: OMPAN | N25: 46268.526 | O25: 202 | P25: M | Q25: 190 | R25: =IF(G25="12R",_xlfn.XLOOKUP(C25,DB!$A$2:$A$222,DB!$B$2:$B$222,""),IF(G25="30L",_xlfn.XLOOKUP(C25,DB!$A$2:$A$222,DB!$C$2:$C$222,""),"")) -> UDGUV | S25: =HOUR(F25) -> 11 | T25: =_xlfn.XLOOKUP(C25,DB!$A$2:$A$222,DB!$D$2:$D$222,"") -> Sector 2
A26: VIV312 | B26: MMUN | C26: MUHA | D26: A20N | E26: XAVMH | F26: 46268.494 | G26: 12R | H26: NUDAL1A NUDAL UR506 KALNO VETSI2A | I26: 290 | J26: I | K26: S | L26: 136 | M26: NUDAL | N26: 46268.504 | O26: 260 | P26: M | Q26: 190 | R26: =IF(G26="12R",_xlfn.XLOOKUP(C26,DB!$A$2:$A$222,DB!$B$2:$B$222,""),IF(G26="30L",_xlfn.XLOOKUP(C26,DB!$A$2:$A$222,DB!$C$2:$C$222,""),"")) -> NUDAL | S26: =HOUR(F26) -> 11 | T26: =_xlfn.XLOOKUP(C26,DB!$A$2:$A$222,DB!$D$2:$D$222,"") -> Sector 3
A27: VIV2196 | B27: MMUN | C27: MMMY | D27: A321 | E27: XAVCF | F27: 46268.506 | G27: 12R | H27: S12R 2101N08651W 2058N08653W 2058N08654W L07 2059N08702W 2102N08709W NOTEN UT37 SESNO UJ15E RETOS RETOS1A | I27: 360 | J27: I | K27: S | L27: 849 | M27: NOTEN | N27: 46268.55 | O27: 360 | P27: M | Q27: 190 | R27: =IF(G27="12R",_xlfn.XLOOKUP(C27,DB!$A$2:$A$222,DB!$B$2:$B$222,""),IF(G27="30L",_xlfn.XLOOKUP(C27,DB!$A$2:$A$222,DB!$C$2:$C$222,""),"")) -> UDGUV | S27: =HOUR(F27) -> 12 | T27: =_xlfn.XLOOKUP(C27,DB!$A$2:$A$222,DB!$D$2:$D$222,"") -> Sector 2
A28: CMP104 | B28: MMUN | C28: MPTO | D28: B39M | E28: HP9926 | F28: 46268.511 | G28: 12R | H28: S12R TAKUX UM782 OMIRO/N0455F390 UN420 PELRA DCT SPP DCT AMENT OSUPA2 | I28: 370 | J28: I | K28: S | L28: 149 | M28: TAKUX | N28: 46268.521 | O28: 290 | P28: M | Q28: 190 | R28: =IF(G28="12R",_xlfn.XLOOKUP(C28,DB!$A$2:$A$222,DB!$B$2:$B$222,""),IF(G28="30L",_xlfn.XLOOKUP(C28,DB!$A$2:$A$222,DB!$C$2:$C$222,""),"")) -> TAKUX | S28: =HOUR(F28) -> 12 | T28: =_xlfn.XLOOKUP(C28,DB!$A$2:$A$222,DB!$D$2:$D$222,"") -> Sector 7
A29: AMX505 | B29: MMUN | C29: MMMX | D29: B38M | E29: XASRA | F29: 46268.513 | G29: 12R | H29: S12R T12R6 2100N08651W 2055N08728W UBVOV UT101 UMAVO/N0462F300 UT101 ENAGA ENAGA3A | I29: 380 | J29: I | K29: S | L29: 855 | M29: UBVOV | N29: 46268.558 | O29: 380 | P29: M | Q29: 190 | R29: =IF(G29="12R",_xlfn.XLOOKUP(C29,DB!$A$2:$A$222,DB!$B$2:$B$222,""),IF(G29="30L",_xlfn.XLOOKUP(C29,DB!$A$2:$A$222,DB!$C$2:$C$222,""),"")) -> UDGUV | S29: =HOUR(F29) -> 12 | T29: =_xlfn.XLOOKUP(C29,DB!$A$2:$A$222,DB!$D$2:$D$222,"") -> Sector 2
A30: XAVGF | B30: MMUN | C30: MMUN | D30: B429 | F30: 46268.528 | G30: 12R | H30: 2101N08652W 2059N08654W UN355 2050N08656W 2051N08650W 2053N08654W 2051N08659W | I30: 15 | J30: V | K30: G | L30: 82 | M30: MMUN | N30: 46268.584 | O30: 0 | P30: L | Q30: 15 | R30: =IF(G30="12R",_xlfn.XLOOKUP(C30,DB!$A$2:$A$222,DB!$B$2:$B$222,""),IF(G30="30L",_xlfn.XLOOKUP(C30,DB!$A$2:$A$222,DB!$C$2:$C$222,""),"")) | S30: =HOUR(F30) -> 12 | T30: =_xlfn.XLOOKUP(C30,DB!$A$2:$A$222,DB!$D$2:$D$222,"")
A31: UAL1059 | B31: MMUN | C31: KIAH | D31: B739 | E31: N37419 | F31: 46268.534 | G31: 12R | H31: S12R 2101N08650W NC29 NOSUG 2219N08658W 2224N08658W KEHLI A766 KELPP LINKK1 | I31: 380 | J31: I | K31: S | L31: 536 | M31: KEHLI | N31: 46268.563 | O31: 380 | P31: M | Q31: 40 | R31: =IF(G31="12R",_xlfn.XLOOKUP(C31,DB!$A$2:$A$222,DB!$B$2:$B$222,""),IF(G31="30L",_xlfn.XLOOKUP(C31,DB!$A$2:$A$222,DB!$C$2:$C$222,""),"")) -> ENEBA | S31: =HOUR(F31) -> 12 | T31: =_xlfn.XLOOKUP(C31,DB!$A$2:$A$222,DB!$D$2:$D$222,"") -> Sector 3
A32: AAL316 | B32: MMUN | C32: KDFW | D32: B738 | E32: N851NN | F32: 46268.543 | G32: 12R | H32: S12R 2101N08649W 2102N08648W 2117N08651W 2134N08656W 2137N08657W 2144N08659W KEHLI A766 KLAMS DCT VUH DCT ELA DCT HENLY/N0449F410 J23 SPURS DCT GUTZZ BOOVE7 | I32: 400 | J32: I | K32: S | L32: 511 | M32: KEHLI | N32: 46268.57 | O32: 400 | P32: M | Q32: 40 | R32: =IF(G32="12R",_xlfn.XLOOKUP(C32,DB!$A$2:$A$222,DB!$B$2:$B$222,""),IF(G32="30L",_xlfn.XLOOKUP(C32,DB!$A$2:$A$222,DB!$C$2:$C$222,""),"")) -> ENEBA | S32: =HOUR(F32) -> 13 | T32: =_xlfn.XLOOKUP(C32,DB!$A$2:$A$222,DB!$D$2:$D$222,"") -> Sector 3
A33: AMX511 | B33: MMUN | C33: MMMX | D33: B39M | E33: XAMJJ | F33: 46268.548 | G33: 12R | H33: UDGUV2A UDGUV UT78 MEDOS UT20 UBVOV UT101 UMAVO/N0453F300 UT101 ENAGA ENAGA3A | I33: 360 | J33: I | K33: S | L33: 859 | M33: UBVOV | N33: 46268.594 | O33: 360 | P33: M | Q33: 190 | R33: =IF(G33="12R",_xlfn.XLOOKUP(C33,DB!$A$2:$A$222,DB!$B$2:$B$222,""),IF(G33="30L",_xlfn.XLOOKUP(C33,DB!$A$2:$A$222,DB!$C$2:$C$222,""),"")) -> UDGUV | S33: =HOUR(F33) -> 13 | T33: =_xlfn.XLOOKUP(C33,DB!$A$2:$A$222,DB!$D$2:$D$222,"") -> Sector 2
A34: DAL609 | B34: MMUN | C34: KATL | D34: B738 | E34: N3735D | F34: 46268.549 | G34: 12R | H34: S12R 2101N08651W MOGOP 2102N08647W 2139N08654W 2146N08655W 2317N08738W 2323N08740W 2340N08745W 2424N08757W DAGGR L214 LEV DCT GCV/N0443F390 DCT PAYTN DCT SHYRE GNDLF3 | I34: 400 | J34: I | K34: S | L34: 417 | M34: 2429N08759W | N34: 46268.572 | O34: 400 | P34: M | Q34: 40 | R34: =IF(G34="12R",_xlfn.XLOOKUP(C34,DB!$A$2:$A$222,DB!$B$2:$B$222,""),IF(G34="30L",_xlfn.XLOOKUP(C34,DB!$A$2:$A$222,DB!$C$2:$C$222,""),"")) -> ENEBA | S34: =HOUR(F34) -> 13 | T34: =_xlfn.XLOOKUP(C34,DB!$A$2:$A$222,DB!$D$2:$D$222,"") -> Sector 3
A35: UAL1988 | B35: MMUN | C35: KEWR | D35: B39M | E35: N37548 | F35: 46268.572 | G35: 12R | H35: S12R 2101N08650W NC01 2107N08624W 2109N08623W FRANT UG765 MAXIM Y262 GOPEY Q87 TIRCO/N0480F320 Q87 ZERBO/N0479F330 Q87 ALWZZ DCT OGRAE Q99 QUART PHLBO4 | I35: 290 | J35: I | K35: S | L35: 133 | M35: 2134N08548W | N35: 46268.581 | O35: 209 | P35: M | Q35: 190 | R35: =IF(G35="12R",_xlfn.XLOOKUP(C35,DB!$A$2:$A$222,DB!$B$2:$B$222,""),IF(G35="30L",_xlfn.XLOOKUP(C35,DB!$A$2:$A$222,DB!$C$2:$C$222,""),"")) -> OMSUK | S35: =HOUR(F35) -> 13 | T35: =_xlfn.XLOOKUP(C35,DB!$A$2:$A$222,DB!$D$2:$D$222,"") -> Sector 3
A36: XAUSL | B36: MMUN | C36: MMCT | D36: C182 | F36: 46268.586 | G36: 12R | H36: 2042N08809W 2040N08817W | I36: 45 | J36: V | K36: G | L36: 170 | M36: MMCT | N36: 46268.63 | O36: 1 | P36: L | Q36: 15 | R36: =IF(G36="12R",_xlfn.XLOOKUP(C36,DB!$A$2:$A$222,DB!$B$2:$B$222,""),IF(G36="30L",_xlfn.XLOOKUP(C36,DB!$A$2:$A$222,DB!$C$2:$C$222,""),"")) | S36: =HOUR(F36) -> 14 | T36: =_xlfn.XLOOKUP(C36,DB!$A$2:$A$222,DB!$D$2:$D$222,"")
A37: XBGPE | B37: MMUN | C37: MMUN | D37: C150 | F37: 46268.59 | G37: 12R | H37: 2059N08651W 2050N08651W 2040N08710W 2036N08708W 2035N08647W 2050N08704W 2054N08700W | I37: 15 | J37: V | K37: G | L37: 176 | M37: MMUN | N37: 46268.673 | O37: 0 | P37: L | Q37: 15 | R37: =IF(G37="12R",_xlfn.XLOOKUP(C37,DB!$A$2:$A$222,DB!$B$2:$B$222,""),IF(G37="30L",_xlfn.XLOOKUP(C37,DB!$A$2:$A$222,DB!$C$2:$C$222,""),"")) | S37: =HOUR(F37) -> 14 | T37: =_xlfn.XLOOKUP(C37,DB!$A$2:$A$222,DB!$D$2:$D$222,"")
A38: AMX515 | B38: MMUN | C38: MMMX | D38: B39M | E38: XAIMH | F38: 46268.604 | G38: 12R | H38: S12R T12R6 2057N08653W 2054N08656W UDGUV UT78 MEDOS UT20 UBVOV UT101 UMAVO/N0454F300 UT101 ENAGA ENAGA3A | I38: 360 | J38: I | K38: S | L38: 860 | M38: UBVOV | N38: 46268.649 | O38: 360 | P38: M | Q38: 190 | R38: =IF(G38="12R",_xlfn.XLOOKUP(C38,DB!$A$2:$A$222,DB!$B$2:$B$222,""),IF(G38="30L",_xlfn.XLOOKUP(C38,DB!$A$2:$A$222,DB!$C$2:$C$222,""),"")) -> UDGUV | S38: =HOUR(F38) -> 14 | T38: =_xlfn.XLOOKUP(C38,DB!$A$2:$A$222,DB!$D$2:$D$222,"") -> Sector 2
A39: VOI5585 | B39: MMUN | C39: MMMY | D39: A20N | E39: XATVE | F39: 46268.627 | G39: 12R | H39: UDGUV2A UDGUV UT78 UKOKO 2054N08843W 2054N08847W NOTEN UT37 SESNO UJ15E RETOS RETOS1A | I39: 380 | J39: I | K39: S | L39: 871 | M39: NOTEN | N39: 46268.673 | O39: 380 | P39: M | Q39: 190 | R39: =IF(G39="12R",_xlfn.XLOOKUP(C39,DB!$A$2:$A$222,DB!$B$2:$B$222,""),IF(G39="30L",_xlfn.XLOOKUP(C39,DB!$A$2:$A$222,DB!$C$2:$C$222,""),"")) -> UDGUV | S39: =HOUR(F39) -> 15 | T39: =_xlfn.XLOOKUP(C39,DB!$A$2:$A$222,DB!$D$2:$D$222,"") -> Sector 2
A40: XAUYS | B40: MMUN | C40: MMCZ | D40: C182 | F40: 46268.634 | G40: 12R | H40: DCT | I40: 15 | J40: V | K40: G | L40: 58 | M40: MMCZ | N40: 46268.648 | O40: 0 | P40: L | Q40: 15 | R40: =IF(G40="12R",_xlfn.XLOOKUP(C40,DB!$A$2:$A$222,DB!$B$2:$B$222,""),IF(G40="30L",_xlfn.XLOOKUP(C40,DB!$A$2:$A$222,DB!$C$2:$C$222,""),"")) -> CZM | S40: =HOUR(F40) -> 15 | T40: =_xlfn.XLOOKUP(C40,DB!$A$2:$A$222,DB!$D$2:$D$222,"") -> Sector 7
A41: VIV2254 | B41: MMUN | C41: MMTG | D41: A20N | E41: XAVMG | F41: 46268.652 | G41: 12R | H41: S12R T12R6 2057N08652W 2050N08658W 2049N08722W 2049N08727W PQE/N0328A180 V51 SAXAV V51 TGZ DCT | I41: 380 | J41: I | K41: S | L41: 834 | M41: MMTG | N41: 46268.7 | O41: 15 | P41: M | Q41: 190 | R41: =IF(G41="12R",_xlfn.XLOOKUP(C41,DB!$A$2:$A$222,DB!$B$2:$B$222,""),IF(G41="30L",_xlfn.XLOOKUP(C41,DB!$A$2:$A$222,DB!$C$2:$C$222,""),"")) -> UDGUV | S41: =HOUR(F41) -> 15 | T41: =_xlfn.XLOOKUP(C41,DB!$A$2:$A$222,DB!$D$2:$D$222,"") -> Sector 2
A42: VIV2164 | B42: MMUN | C42: MMMY | D42: A21N | E42: XAVBA | F42: 46268.654 | G42: 12R | H42: S12R T12R6 2057N08653W 2052N08657W 2047N08708W 2053N08845W 2053N08853W NOTEN UT37 SESNO UJ15E RETOS RETOS1A | I42: 360 | J42: I | K42: S | L42: 877 | M42: NOTEN | N42: 46268.7 | O42: 350 | P42: M | Q42: 190 | R42: =IF(G42="12R",_xlfn.XLOOKUP(C42,DB!$A$2:$A$222,DB!$B$2:$B$222,""),IF(G42="30L",_xlfn.XLOOKUP(C42,DB!$A$2:$A$222,DB!$C$2:$C$222,""),"")) -> UDGUV | S42: =HOUR(F42) -> 15 | T42: =_xlfn.XLOOKUP(C42,DB!$A$2:$A$222,DB!$D$2:$D$222,"") -> Sector 2
A43: ESF615 | B43: MMUN | C43: KMIA | D43: B734 | E43: XASLG | F43: 46268.655 | G43: 12R | H43: S12R 2101N08650W SR0 NUDAL UV106 PODON UG765 EMOVI UG765 MAXIM SNDBR3 | I43: 330 | J43: I | K43: S | L43: 134 | M43: NUDAL | N43: 46268.663 | O43: 270 | P43: M | Q43: 190 | R43: =IF(G43="12R",_xlfn.XLOOKUP(C43,DB!$A$2:$A$222,DB!$B$2:$B$222,""),IF(G43="30L",_xlfn.XLOOKUP(C43,DB!$A$2:$A$222,DB!$C$2:$C$222,""),"")) -> NUDAL | S43: =HOUR(F43) -> 15 | T43: =_xlfn.XLOOKUP(C43,DB!$A$2:$A$222,DB!$D$2:$D$222,"") -> Sector 3
A44: VIV7032 | B44: MMUN | C44: MMTO | D44: A320 | E44: XAVDI | F44: 46268.655 | G44: 12R | H44: S12R T12R6 2058N08651W 2047N08658W UDGUV UT78 DURPI DCT UBVOV UT101 UMAVO UT104 LENUL LENUL3A | I44: 380 | J44: I | K44: N | L44: 868 | M44: UBVOV | N44: 46268.7 | O44: 380 | P44: M | Q44: 190 | R44: =IF(G44="12R",_xlfn.XLOOKUP(C44,DB!$A$2:$A$222,DB!$B$2:$B$222,""),IF(G44="30L",_xlfn.XLOOKUP(C44,DB!$A$2:$A$222,DB!$C$2:$C$222,""),"")) -> UDGUV | S44: =HOUR(F44) -> 15 | T44: =_xlfn.XLOOKUP(C44,DB!$A$2:$A$222,DB!$D$2:$D$222,"") -> Sector 2
A45: VOI3480 | B45: MMUN | C45: MMTO | D45: A320 | E45: XAVVB | F45: 46268.657 | G45: 12R | H45: S12R T12R6 2059N08651W N102S 2049N08658W UDGUV UT78 DURPI DCT UBVOV/N0409F280 UT20 PAZ UT104 LENUL LENUL2B | I45: 360 | J45: I | K45: S | L45: 865 | M45: UBVOV | N45: 46268.702 | O45: 360 | P45: M | Q45: 190 | R45: =IF(G45="12R",_xlfn.XLOOKUP(C45,DB!$A$2:$A$222,DB!$B$2:$B$222,""),IF(G45="30L",_xlfn.XLOOKUP(C45,DB!$A$2:$A$222,DB!$C$2:$C$222,""),"")) -> UDGUV | S45: =HOUR(F45) -> 15 | T45: =_xlfn.XLOOKUP(C45,DB!$A$2:$A$222,DB!$D$2:$D$222,"") -> Sector 2
A46: AMX591 | B46: MMUN | C46: MMSM | D46: B738 | E46: N958AM | F46: 46268.658 | G46: 12R | H46: S12R T12R6 UN418 2047N08701W UDGUV UT78 DURPI DCT UBVOV UT101 UMAVO UT169 VITOS VITOS2A | I46: 360 | J46: I | K46: S | L46: 866 | M46: UBVOV | N46: 46268.704 | O46: 360 | P46: M | Q46: 190 | R46: =IF(G46="12R",_xlfn.XLOOKUP(C46,DB!$A$2:$A$222,DB!$B$2:$B$222,""),IF(G46="30L",_xlfn.XLOOKUP(C46,DB!$A$2:$A$222,DB!$C$2:$C$222,""),"")) -> UDGUV | S46: =HOUR(F46) -> 15 | T46: =_xlfn.XLOOKUP(C46,DB!$A$2:$A$222,DB!$D$2:$D$222,"") -> Sector 2
A47: VOI1049 | B47: MMUN | C47: MMGL | D47: A320 | E47: N515VL | F47: 46268.66 | G47: 12R | H47: S12R T12R6 2057N08653W 2047N08704W UDGUV UT78 DURPI DCT NUBIT DCT RIBET UT101 ENAGA DCT OVAGO UT123 IGSON IGSON1B | I47: 380 | J47: I | K47: S | L47: 865 | M47: NUBIT | N47: 46268.705 | O47: 380 | P47: M | Q47: 190 | R47: =IF(G47="12R",_xlfn.XLOOKUP(C47,DB!$A$2:$A$222,DB!$B$2:$B$222,""),IF(G47="30L",_xlfn.XLOOKUP(C47,DB!$A$2:$A$222,DB!$C$2:$C$222,""),"")) -> UDGUV | S47: =HOUR(F47) -> 15 | T47: =_xlfn.XLOOKUP(C47,DB!$A$2:$A$222,DB!$D$2:$D$222,"") -> Sector 2
A48: ROU1811 | B48: MMUN | C48: CYYZ | D48: A321 | E48: CGHQI | F48: 46268.66 | G48: 12R | H48: S12R SR00 SR01 SR02 SR03 SR04 SR05 SR06 SR07 SR08 SR09 SR10 SR11 2108N08648W 2142N08652W 2150N08654W IRDOV/M079F340 L214 PLNDR/N0464F350 DCT MEI DCT HITMN DCT IIU Q139 RINTE DCT QWERI NUBER6 | I48: 340 | J48: I | K48: S | L48: 437 | M48: IRDOV | N48: 46268.684 | O48: 340 | P48: M | Q48: 40 | R48: =IF(G48="12R",_xlfn.XLOOKUP(C48,DB!$A$2:$A$222,DB!$B$2:$B$222,""),IF(G48="30L",_xlfn.XLOOKUP(C48,DB!$A$2:$A$222,DB!$C$2:$C$222,""),"")) -> OMSUK | S48: =HOUR(F48) -> 15 | T48: =_xlfn.XLOOKUP(C48,DB!$A$2:$A$222,DB!$D$2:$D$222,"") -> Sector 3
A49: VIV2278 | B49: MMUN | C49: MMSM | D49: A320 | E49: XAVAN | F49: 46268.662 | G49: 12R | H49: S12R T12R6 2059N08651W 2058N08651W 2052N08657W 2051N08659W UDGUV UT78 MEDOS DCT UBVOV UT20 TAJIN DCT VITOS VITOS2A | I49: 380 | J49: I | K49: S | L49: 864 | M49: UBVOV | N49: 46268.707 | O49: 380 | P49: M | Q49: 190 | R49: =IF(G49="12R",_xlfn.XLOOKUP(C49,DB!$A$2:$A$222,DB!$B$2:$B$222,""),IF(G49="30L",_xlfn.XLOOKUP(C49,DB!$A$2:$A$222,DB!$C$2:$C$222,""),"")) -> UDGUV | S49: =HOUR(F49) -> 15 | T49: =_xlfn.XLOOKUP(C49,DB!$A$2:$A$222,DB!$D$2:$D$222,"") -> Sector 2
A50: WJA2775 | B50: MMUN | C50: CYYZ | D50: B38M | E50: CFEWJ | F50: 46268.663 | G50: 12R | H50: S12R 2100N08650W MOGOP 2100N08647W 2217N08656W 2222N08657W 2228N08657W IRDOV/M078F340 L214 PLNDR/N0459F340 L214 LEV/N0459F350 DCT GOOGY DCT BNA DCT HICKI DCT QWERI NUBER6 | I50: 340 | J50: I | K50: S | L50: 432 | M50: IRDOV | N50: 46268.688 | O50: 320 | P50: M | Q50: 40 | R50: =IF(G50="12R",_xlfn.XLOOKUP(C50,DB!$A$2:$A$222,DB!$B$2:$B$222,""),IF(G50="30L",_xlfn.XLOOKUP(C50,DB!$A$2:$A$222,DB!$C$2:$C$222,""),"")) -> OMSUK | S50: =HOUR(F50) -> 15 | T50: =_xlfn.XLOOKUP(C50,DB!$A$2:$A$222,DB!$D$2:$D$222,"") -> Sector 3
A51: VOI101 | B51: MMUN | C51: MMMX | D51: A321 | E51: XAVLU | F51: 46268.664 | G51: 12R | H51: S12R T12R6 UN418 2059N08656W 2058N08702W 2056N08706W 2056N08709W UN432 UDGUV UT78 DURPI DCT UBVOV UT101 UMAVO/N0455F300 UT101 ENAGA ENAGA3A | I51: 360 | J51: I | K51: S | L51: 863 | M51: UBVOV | N51: 46268.709 | O51: 360 | P51: M | Q51: 190 | R51: =IF(G51="12R",_xlfn.XLOOKUP(C51,DB!$A$2:$A$222,DB!$B$2:$B$222,""),IF(G51="30L",_xlfn.XLOOKUP(C51,DB!$A$2:$A$222,DB!$C$2:$C$222,""),"")) -> UDGUV | S51: =HOUR(F51) -> 15 | T51: =_xlfn.XLOOKUP(C51,DB!$A$2:$A$222,DB!$D$2:$D$222,"") -> Sector 2
A52: XBBVZ | B52: MMUN | C52: MMUN | D52: C152 | F52: 46268.666 | G52: 12R | H52: 2105N08651W 2109N08654W 2105N08651W NCP 2059N08654W 2102N08657W T30L7 2103N08655W CN00 CUN | I52: 15 | J52: V | K52: G | L52: 60 | M52: MMUN | N52: 46268.707 | O52: 0 | P52: L | Q52: 15 | R52: =IF(G52="12R",_xlfn.XLOOKUP(C52,DB!$A$2:$A$222,DB!$B$2:$B$222,""),IF(G52="30L",_xlfn.XLOOKUP(C52,DB!$A$2:$A$222,DB!$C$2:$C$222,""),"")) | S52: =HOUR(F52) -> 15 | T52: =_xlfn.XLOOKUP(C52,DB!$A$2:$A$222,DB!$D$2:$D$222,"")
A53: AAL1601 | B53: MMUN | C53: KDFW | D53: A321 | E53: N128AN | F53: 46268.669 | G53: 12R | H53: S12R 2101N08651W T12L6 2150N08655W 2243N08701W KEHLI A766 KLAMS DCT EATIT DCT HENLY/N0452F390 J23 SPURS DCT GUTZZ BOOVE7 | I53: 380 | J53: I | K53: S | L53: 543 | M53: KEHLI | N53: 46268.697 | O53: 380 | P53: M | Q53: 40 | R53: =IF(G53="12R",_xlfn.XLOOKUP(C53,DB!$A$2:$A$222,DB!$B$2:$B$222,""),IF(G53="30L",_xlfn.XLOOKUP(C53,DB!$A$2:$A$222,DB!$C$2:$C$222,""),"")) -> ENEBA | S53: =HOUR(F53) -> 16 | T53: =_xlfn.XLOOKUP(C53,DB!$A$2:$A$222,DB!$D$2:$D$222,"") -> Sector 3
A54: VIV1029 | B54: MMUN | C54: MMMX | D54: A21N | E54: XAVBM | F54: 46268.671 | G54: 12R | H54: S12R T12R6 UN418 2053N08655W 2052N08656W UDGUV UT78 MEDOS DCT UBVOV DCT UMAVO UT101 ENAGA ENAGA3A | I54: 360 | J54: I | K54: S | L54: 863 | M54: UBVOV | N54: 46268.717 | O54: 360 | P54: M | Q54: 190 | R54: =IF(G54="12R",_xlfn.XLOOKUP(C54,DB!$A$2:$A$222,DB!$B$2:$B$222,""),IF(G54="30L",_xlfn.XLOOKUP(C54,DB!$A$2:$A$222,DB!$C$2:$C$222,""),"")) -> UDGUV | S54: =HOUR(F54) -> 16 | T54: =_xlfn.XLOOKUP(C54,DB!$A$2:$A$222,DB!$D$2:$D$222,"") -> Sector 2
A55: LET6323 | B55: MMUN | C55: MMAN | D55: CL60 | E55: XANDY | F55: 46268.673 | G55: 12R | H55: S12R T12R6 UN418 2048N08701W 2051N08721W 2056N08933W ID115 NOTEN UT37 SESNO UJ15E RETOS DCT | I55: 400 | J55: I | K55: G | L55: 885 | M55: NOTEN | N55: 46268.72 | O55: 400 | P55: M | Q55: 30 | R55: =IF(G55="12R",_xlfn.XLOOKUP(C55,DB!$A$2:$A$222,DB!$B$2:$B$222,""),IF(G55="30L",_xlfn.XLOOKUP(C55,DB!$A$2:$A$222,DB!$C$2:$C$222,""),"")) -> UDGUV | S55: =HOUR(F55) -> 16 | T55: =_xlfn.XLOOKUP(C55,DB!$A$2:$A$222,DB!$D$2:$D$222,"") -> Sector 2
A56: FFT229 | B56: MMUN | C56: KDFW | D56: A21N | E56: N672FR | F56: 46268.674 | G56: 12R | H56: S12R 2100N08650W SL0 NOSUG 2230N08659W 2235N08659W 2243N08704W KEHLI A766 SBI DCT CRIED BEREE3 | I56: 380 | J56: I | K56: S | L56: 547 | M56: KEHLI | N56: 46268.703 | O56: 380 | P56: M | Q56: 40 | R56: =IF(G56="12R",_xlfn.XLOOKUP(C56,DB!$A$2:$A$222,DB!$B$2:$B$222,""),IF(G56="30L",_xlfn.XLOOKUP(C56,DB!$A$2:$A$222,DB!$C$2:$C$222,""),"")) -> ENEBA | S56: =HOUR(F56) -> 16 | T56: =_xlfn.XLOOKUP(C56,DB!$A$2:$A$222,DB!$D$2:$D$222,"") -> Sector 3
A57: AAL1185 | B57: MMUN | C57: KJFK | D57: B38M | E57: N317VE | F57: 46268.676 | G57: 12R | H57: S12R 2101N08650W SL0 2101N08647W OMSUK UM219 RAKAR 2316N08621W 2323N08617W 2334N08610W 2335N08610W 2338N08608W 2402N08553W NAVVL M219 SNAKR Y240 SHAQQ DCT KNOST DCT PLYER/N0464F340 DCT HEVVN/N0464F350 DCT OTK DCT DEQUE DCT TORQD DCT COUPN DCT SAWED DCT KALDA Q108 SIE CAMRN5 | I57: 350 | J57: I | K57: S | L57: 336 | M57: 2350N08601W | N57: 46268.694 | O57: 350 | P57: M | Q57: 40 | R57: =IF(G57="12R",_xlfn.XLOOKUP(C57,DB!$A$2:$A$222,DB!$B$2:$B$222,""),IF(G57="30L",_xlfn.XLOOKUP(C57,DB!$A$2:$A$222,DB!$C$2:$C$222,""),"")) -> OMSUK | S57: =HOUR(F57) -> 16 | T57: =_xlfn.XLOOKUP(C57,DB!$A$2:$A$222,DB!$D$2:$D$222,"") -> Sector 3
A58: UAL1694 | B58: MMUN | C58: KIAD | D58: B39M | E58: N17595 | F58: 46268.679 | G58: 12R | H58: S12R SR00 SR01 SR02 2100N08644W 2103N08643W 2114N08643W 2129N08649W 2136N08651W 2142N08654W 2234N08717W 2248N08726W 2312N08742W 2322N08751W 2347N08809W IRDOV L214 LEV/N0471F350 DCT SJI DCT CATLN Q22 BURGG Q60 JAXSN DCT DORRN CAVLR7 | I58: 340 | J58: I | K58: S | L58: 443 | M58: IRDOV | N58: 46268.703 | O58: 340 | P58: M | Q58: 40 | R58: =IF(G58="12R",_xlfn.XLOOKUP(C58,DB!$A$2:$A$222,DB!$B$2:$B$222,""),IF(G58="30L",_xlfn.XLOOKUP(C58,DB!$A$2:$A$222,DB!$C$2:$C$222,""),"")) -> OMSUK | S58: =HOUR(F58) -> 16 | T58: =_xlfn.XLOOKUP(C58,DB!$A$2:$A$222,DB!$D$2:$D$222,"") -> Sector 3
A59: FFT90 | B59: MMUN | C59: KPHL | D59: A21N | E59: N604FR | F59: 46268.68 | G59: 12R | H59: S12R SR00 SR01 SR02 SR03 SR04 NOSUG 2251N08701W 2256N08701W 2349N08833W 2353N08839W 2430N08855W KEHLI A770 LEV/N0449F370 J31 HRV/N0447F350 J31 MEI DCT VLKNN DCT BOBBD/N0446F370 Q71 PSYKO DCT JST BOJID4 | I59: 360 | J59: I | K59: S | L59: 503 | M59: KEHLI | N59: 46268.712 | O59: 360 | P59: M | Q59: 40 | R59: =IF(G59="12R",_xlfn.XLOOKUP(C59,DB!$A$2:$A$222,DB!$B$2:$B$222,""),IF(G59="30L",_xlfn.XLOOKUP(C59,DB!$A$2:$A$222,DB!$C$2:$C$222,""),"")) -> ENEBA | S59: =HOUR(F59) -> 16 | T59: =_xlfn.XLOOKUP(C59,DB!$A$2:$A$222,DB!$D$2:$D$222,"") -> Sector 3
A60: AAL1971 | B60: MMUN | C60: KPHL | D60: B738 | E60: N939NN | F60: 46268.682 | G60: 12R | H60: S12R 2100N08649W NC01 2059N08646W 2107N08641W 2109N08640W 2211N08629W 2218N08627W 2220N08626W 2224N08623W 2233N08616W 2248N08607W 2308N08553W MYDIA M219 SNAKR Y240 SHAQQ DCT KNOST Q109 CAMJO Q99 PEETT DCT BBDOL PAATS4 | I60: 390 | J60: I | K60: S | L60: 300 | M60: MYDIA | N60: 46268.703 | O60: 390 | P60: M | Q60: 40 | R60: =IF(G60="12R",_xlfn.XLOOKUP(C60,DB!$A$2:$A$222,DB!$B$2:$B$222,""),IF(G60="30L",_xlfn.XLOOKUP(C60,DB!$A$2:$A$222,DB!$C$2:$C$222,""),"")) -> ENEBA | S60: =HOUR(F60) -> 16 | T60: =_xlfn.XLOOKUP(C60,DB!$A$2:$A$222,DB!$D$2:$D$222,"") -> Sector 3
A61: VIV8005 | B61: MMUN | C61: MMCS | D61: A320 | E61: XAVAP | F61: 46268.683 | G61: 12R | H61: S12R T12R6 2057N08653W 2057N08658W 2055N08703W 2052N08720W 2052N08724W 2056N08916W 2055N08920W NOTEN DCT LIBOX/N0452F380 DCT MOV UT3 URKOM UJ54 CJS DCT | I61: 370 | J61: I | K61: S | L61: 875 | M61: NOTEN | N61: 46268.73 | O61: 370 | P61: M | Q61: 190 | R61: =IF(G61="12R",_xlfn.XLOOKUP(C61,DB!$A$2:$A$222,DB!$B$2:$B$222,""),IF(G61="30L",_xlfn.XLOOKUP(C61,DB!$A$2:$A$222,DB!$C$2:$C$222,""),"")) -> UDGUV | S61: =HOUR(F61) -> 16 | T61: =_xlfn.XLOOKUP(C61,DB!$A$2:$A$222,DB!$D$2:$D$222,"") -> Sector 2
A62: CMP262 | B62: MMUN | C62: MPTO | D62: B738 | E62: HP1844 | F62: 46268.687 | G62: 12R | H62: S12R 2101N08651W 2100N08649W PELRA UN420 MORLI OSUPA2 | I62: 390 | J62: I | K62: S | L62: 147 | M62: 1958N08603W | N62: 46268.696 | O62: 309 | P62: M | Q62: 190 | R62: =IF(G62="12R",_xlfn.XLOOKUP(C62,DB!$A$2:$A$222,DB!$B$2:$B$222,""),IF(G62="30L",_xlfn.XLOOKUP(C62,DB!$A$2:$A$222,DB!$C$2:$C$222,""),"")) -> TAKUX | S62: =HOUR(F62) -> 16 | T62: =_xlfn.XLOOKUP(C62,DB!$A$2:$A$222,DB!$D$2:$D$222,"") -> Sector 7
A63: VIV7040 | B63: MMUN | C63: MMSM | D63: A320 | E63: XAVAR | F63: 46268.688 | G63: 12R | H63: S12R T12R6 2059N08651W 2051N08659W UDGUV UT78 MEDOS DCT UBVOV UT20 TAJIN DCT VITOS VITOS2A | I63: 360 | J63: I | K63: N | L63: 862 | M63: UBVOV | N63: 46268.734 | O63: 360 | P63: M | Q63: 190 | R63: =IF(G63="12R",_xlfn.XLOOKUP(C63,DB!$A$2:$A$222,DB!$B$2:$B$222,""),IF(G63="30L",_xlfn.XLOOKUP(C63,DB!$A$2:$A$222,DB!$C$2:$C$222,""),"")) -> UDGUV | S63: =HOUR(F63) -> 16 | T63: =_xlfn.XLOOKUP(C63,DB!$A$2:$A$222,DB!$D$2:$D$222,"") -> Sector 2
A64: SWA328 | B64: MMUN | C64: KHOU | D64: B737 | E64: N907WN | F64: 46268.69 | G64: 12R | H64: S12R 2059N08647W 2106N08644W 2108N08644W 2139N08652W 2143N08654W KEHLI A766 KELPP PUCKS4 | I64: 400 | J64: I | K64: S | L64: 525 | M64: KEHLI | N64: 46268.719 | O64: 400 | P64: M | Q64: 40 | R64: =IF(G64="12R",_xlfn.XLOOKUP(C64,DB!$A$2:$A$222,DB!$B$2:$B$222,""),IF(G64="30L",_xlfn.XLOOKUP(C64,DB!$A$2:$A$222,DB!$C$2:$C$222,""),"")) -> ENEBA | S64: =HOUR(F64) -> 16 | T64: =_xlfn.XLOOKUP(C64,DB!$A$2:$A$222,DB!$D$2:$D$222,"") -> Sector 3
... A74: VOI3938 | B74: MMUN | C74: MROC | D74: A320 | E74: N521VL | F74: 46268.71 | G74: 12R | H74: S12R T12R6 ALSUP UB881 URIOS DCT GABIX DCT TUMEK DCT TIBUT DCT PIRAS BARRA4P | I74: 350 | J74: I | K74: S | L74: 218 | M74: ANIKO | N74: 46268.724 | O74: 328 | P74: M | Q74: 190 | R74: =IF(G74="12R",_xlfn.XLOOKUP(C74,DB!$A$2:$A$222,DB!$B$2:$B$222,""),IF(G74="30L",_xlfn.XLOOKUP(C74,DB!$A$2:$A$222,DB!$C$2:$C$222,""),"")) -> CZM | S74: =HOUR(F74) -> 17 | T74: =_xlfn.XLOOKUP(C74,DB!$A$2:$A$222,DB!$D$2:$D$222,"") -> Sector 7
A75: XAVGV | B75: MMUN | C75: XHOL | D75: C206 | F75: 46268.712 | G75: 12R | H75: 2101N08652W 2103N08705W | I75: 15 | J75: V | K75: G | L75: 85 | M75: XHOL | N75: 46268.728 | O75: 0 | P75: L | Q75: 15 | R75: =IF(G75="12R",_xlfn.XLOOKUP(C75,DB!$A$2:$A$222,DB!$B$2:$B$222,""),IF(G75="30L",_xlfn.XLOOKUP(C75,DB!$A$2:$A$222,DB!$C$2:$C$222,""),"")) | S75: =HOUR(F75) -> 17 | T75: =_xlfn.XLOOKUP(C75,DB!$A$2:$A$222,DB!$D$2:$D$222,"")
A76: AAL2792 | B76: MMUN | C76: KCLT | D76: A321 | E76: N904AA | F76: 46268.713 | G76: 12R | H76: NUDAL1A NUDAL UV106 PODON UG765 MAXIM DCT EADEN DCT RVERO DCT ORL DCT FEMON DCT VIYAP DCT QUIWE DCT BANKR BANKR8 | I76: 330 | J76: I | K76: S | L76: 136 | M76: NUDAL | N76: 46268.722 | O76: 222 | P76: M | Q76: 190 | R76: =IF(G76="12R",_xlfn.XLOOKUP(C76,DB!$A$2:$A$222,DB!$B$2:$B$222,""),IF(G76="30L",_xlfn.XLOOKUP(C76,DB!$A$2:$A$222,DB!$C$2:$C$222,""),"")) -> OMSUK | S76: =HOUR(F76) -> 17 | T76: =_xlfn.XLOOKUP(C76,DB!$A$2:$A$222,DB!$D$2:$D$222,"") -> Sector 3
A77: AAL1068 | B77: MMUN | C77: KDFW | D77: A321 | E77: N153AN | F77: 46268.719 | G77: 12R | H77: S12R SR00 SR01 SR02 SR03 SR04 NOSUG 2306N08811W 2326N08827W 2332N08831W 2350N08842W 2405N08926W 2408N08931W KEHLI A766 KLAMS/N0453F380 DCT VUH DCT ELA DCT HENLY/N0452F390 J23 SPURS DCT GUTZZ BOOVE7 | I77: 360 | J77: I | K77: S | L77: 545 | M77: KEHLI | N77: 46268.748 | O77: 340 | P77: M | Q77: 40 | R77: =IF(G77="12R",_xlfn.XLOOKUP(C77,DB!$A$2:$A$222,DB!$B$2:$B$222,""),IF(G77="30L",_xlfn.XLOOKUP(C77,DB!$A$2:$A$222,DB!$C$2:$C$222,""),"")) -> ENEBA | S77: =HOUR(F77) -> 17 | T77: =_xlfn.XLOOKUP(C77,DB!$A$2:$A$222,DB!$D$2:$D$222,"") -> Sector 3
A78: VIV2034 | B78: MMUN | C78: MMIO | D78: A20N | E78: XAVMH | F78: 46268.725 | G78: 12R | H78: UDGUV2A UDGUV UT78 UKOKO 2050N08853W 2050N08857W NOTEN/N0451F380 UT37 SESNO UJ15E MTY UT11 GABLA UJ40 NOVUL NOVUL2C | I78: 360 | J78: I | K78: S | L78: 875 | M78: NOTEN | N78: 46268.772 | O78: 340 | P78: M | Q78: 190 | R78: =IF(G78="12R",_xlfn.XLOOKUP(C78,DB!$A$2:$A$222,DB!$B$2:$B$222,""),IF(G78="30L",_xlfn.XLOOKUP(C78,DB!$A$2:$A$222,DB!$C$2:$C$222,""),"")) -> UDGUV | S78: =HOUR(F78) -> 17 | T78: =_xlfn.XLOOKUP(C78,DB!$A$2:$A$222,DB!$D$2:$D$222,"") -> Sector 2
A79: JBU1796 | B79: MMUN | C79: KFLL | D79: A320 | E79: N516JB | F79: 46268.729 | G79: 12R | H79: NUDAL1A NUDAL UV106 PODON UG765 MAXIM BHHIA3 | I79: 390 | J79: I | K79: S | L79: 136 | M79: NUDAL | N79: 46268.738 | O79: 283 | P79: M | Q79: 190 | R79: =IF(G79="12R",_xlfn.XLOOKUP(C79,DB!$A$2:$A$222,DB!$B$2:$B$222,""),IF(G79="30L",_xlfn.XLOOKUP(C79,DB!$A$2:$A$222,DB!$C$2:$C$222,""),"")) -> NUDAL | S79: =HOUR(F79) -> 17 | T79: =_xlfn.XLOOKUP(C79,DB!$A$2:$A$222,DB!$D$2:$D$222,"") -> Sector 3
A80: AAL2175 | B80: MMUN | C80: KPHL | D80: A321 | E80: N933AM | F80: 46268.73 | G80: 12R | H80: S12R SR00 SR01 SR02 SR03 SR04 SR05 SR06 OMSUK UM219 MYDIA M219 SNAKR Y240 SHAQQ DCT KNOST Q109 CAMJO Q99 PEETT DCT BBDOL PAATS4 | I80: 370 | J80: I | K80: S | L80: 360 | M80: MYDIA | N80: 46268.751 | O80: 350 | P80: M | Q80: 40 | R80: =IF(G80="12R",_xlfn.XLOOKUP(C80,DB!$A$2:$A$222,DB!$B$2:$B$222,""),IF(G80="30L",_xlfn.XLOOKUP(C80,DB!$A$2:$A$222,DB!$C$2:$C$222,""),"")) -> ENEBA | S80: =HOUR(F80) -> 17 | T80: =_xlfn.XLOOKUP(C80,DB!$A$2:$A$222,DB!$D$2:$D$222,"") -> Sector 3
A81: AVA257 | B81: MMUN | C81: SKBO | D81: A20N | E81: HK5409 | F81: 46268.735 | G81: 12R | H81: S12R 2041N08631W 2030N08621W PELRA UN420 SPP UP530 KAKOL DCT RNG UQ121 ISVAT ISVAT5E | I81: 390 | J81: I | K81: S | L81: 146 | M81: 2000N08601W | N81: 46268.745 | O81: 310 | P81: M | Q81: 190 | R81: =IF(G81="12R",_xlfn.XLOOKUP(C81,DB!$A$2:$A$222,DB!$B$2:$B$222,""),IF(G81="30L",_xlfn.XLOOKUP(C81,DB!$A$2:$A$222,DB!$C$2:$C$222,""),"")) -> TAKUX | S81: =HOUR(F81) -> 17 | T81: =_xlfn.XLOOKUP(C81,DB!$A$2:$A$222,DB!$D$2:$D$222,"") -> Sector 7
A82: AVA269 | B82: MMUN | C82: SKRG | D82: A20N | E82: HK5366 | F82: 46268.737 | G82: 12R | H82: S12R TAKUX UM782 MEVUB UP406 AKPEK AKPE4C | I82: 390 | J82: I | K82: S | L82: 149 | M82: TAKUX | N82: 46268.747 | O82: 250 | P82: M | Q82: 190 | R82: =IF(G82="12R",_xlfn.XLOOKUP(C82,DB!$A$2:$A$222,DB!$B$2:$B$222,""),IF(G82="30L",_xlfn.XLOOKUP(C82,DB!$A$2:$A$222,DB!$C$2:$C$222,""),"")) -> TAKUX | S82: =HOUR(F82) -> 17 | T82: =_xlfn.XLOOKUP(C82,DB!$A$2:$A$222,DB!$D$2:$D$222,"") -> Sector 7
A83: DWI7007 | B83: MMUN | C83: MDPC | D83: B38M | E83: HI1133 | F83: 46268.739 | G83: 12R | H83: S12R 2101N08650W CN02 TAKUX DCT MAMBI/N0448F390 UL577 TIDAN/N0446F410 UL577 CDO UT15 NADAX NADAX1W | I83: 370 | J83: I | K83: S | L83: 149 | M83: TAKUX | N83: 46268.75 | O83: 277 | P83: M | Q83: 190 | R83: =IF(G83="12R",_xlfn.XLOOKUP(C83,DB!$A$2:$A$222,DB!$B$2:$B$222,""),IF(G83="30L",_xlfn.XLOOKUP(C83,DB!$A$2:$A$222,DB!$C$2:$C$222,""),"")) -> HECAT | S83: =HOUR(F83) -> 17 | T83: =_xlfn.XLOOKUP(C83,DB!$A$2:$A$222,DB!$D$2:$D$222,"") -> Sector 7
A84: DAL618 | B84: MMUN | C84: KDTW | D84: B739 | E84: N920DU | F84: 46268.741 | G84: 12R | H84: S12R 2100N08650W 2100N08647W CN07 2108N08648W 2110N08648W NOSUG UT27 OMVIP UT45 ALKIM 2356N08737W 2403N08742W DAGGR L214 LEV J31 HRV/N0450F370 DCT MCB/N0450F360 J35 MCGEE DCT IZAAC/N0455F370 DCT XESSS DCT MEMFS DCT VISQA J29 PXV DCT WWODD HANBL3 | I84: 380 | J84: I | K84: S | L84: 425 | M84: 2428N08754W | N84: 46268.763 | O84: 380 | P84: M | Q84: 40 | R84: =IF(G84="12R",_xlfn.XLOOKUP(C84,DB!$A$2:$A$222,DB!$B$2:$B$222,""),IF(G84="30L",_xlfn.XLOOKUP(C84,DB!$A$2:$A$222,DB!$C$2:$C$222,""),"")) -> OMSUK | S84: =HOUR(F84) -> 17 | T84: =_xlfn.XLOOKUP(C84,DB!$A$2:$A$222,DB!$D$2:$D$222,"") -> Sector 3
A85: XBBVZ | B85: MMUN | C85: MMUN | D85: C152 | F85: 46268.742 | G85: 12R | H85: 2105N08650W 2118N08640W VIS2 LCLUN VIS3 2109N08649W 2101N08653W 2102N08654W 2103N08653W | I85: 15 | J85: V | K85: G | L85: 111 | M85: MMUN | N85: 46268.767 | O85: 0 | P85: L | Q85: 15 | R85: =IF(G85="12R",_xlfn.XLOOKUP(C85,DB!$A$2:$A$222,DB!$B$2:$B$222,""),IF(G85="30L",_xlfn.XLOOKUP(C85,DB!$A$2:$A$222,DB!$C$2:$C$222,""),"")) | S85: =HOUR(F85) -> 17 | T85: =_xlfn.XLOOKUP(C85,DB!$A$2:$A$222,DB!$D$2:$D$222,"")
A86: VIV2168 | B86: MMUN | C86: MMMY | D86: A321 | E86: XAVCC | F86: 46268.744 | G86: 12R | H86: S12R T12R6 UN418 2056N08655W UN703 2056N08703W 2056N08831W 2056N08834W 2056N08927W S105 NOTEN UT37 SESNO UJ15E RETOS RETOS1A | I86: 360 | J86: I | K86: S | L86: 875 | M86: NOTEN | N86: 46268.79 | O86: 360 | P86: M | Q86: 190 | R86: =IF(G86="12R",_xlfn.XLOOKUP(C86,DB!$A$2:$A$222,DB!$B$2:$B$222,""),IF(G86="30L",_xlfn.XLOOKUP(C86,DB!$A$2:$A$222,DB!$C$2:$C$222,""),"")) -> UDGUV | S86: =HOUR(F86) -> 17 | T86: =_xlfn.XLOOKUP(C86,DB!$A$2:$A$222,DB!$D$2:$D$222,"") -> Sector 2
A87: UAL1196 | B87: MMUN | C87: KORD | D87: B739 | E87: N62892 | F87: 46268.745 | G87: 12R | H87: S12R SR00 SR01 SR02 SR03 NOSUG 2221N08658W 2230N08700W 2305N08752W 2311N08759W 2332N08824W 2347N08850W 2359N08919W 2405N08926W KEHLI A766 KENGS HRV DCT IZAAC DCT MEMFS DCT FTZ TRTLL6 | I87: 340 | J87: I | K87: S | L87: 554 | M87: KEHLI | N87: 46268.774 | O87: 340 | P87: M | Q87: 40 | R87: =IF(G87="12R",_xlfn.XLOOKUP(C87,DB!$A$2:$A$222,DB!$B$2:$B$222,""),IF(G87="30L",_xlfn.XLOOKUP(C87,DB!$A$2:$A$222,DB!$C$2:$C$222,""),"")) -> ENEBA | S87: =HOUR(F87) -> 17 | T87: =_xlfn.XLOOKUP(C87,DB!$A$2:$A$222,DB!$D$2:$D$222,"") -> Sector 3
A88: WJA2963 | B88: MMUN | C88: CYUL | D88: B38M | E88: CGFVX | F88: 46268.747 | G88: 12R | H88: S12R 2059N08648W 2100N08645W SR06 2147N08655W 2233N08716W 2247N08726W 2313N08746W 2345N08807W 2358N08802W DAGGR L214 PLNDR/N0456F340 L214 LEV/N0458F350 DCT SALMS DCT FAALS DCT MIGLO HABBS7 | I88: 340 | J88: I | K88: S | L88: 441 | M88: 2429N08814W | N88: 46268.771 | O88: 360 | P88: M | Q88: 40 | R88: =IF(G88="12R",_xlfn.XLOOKUP(C88,DB!$A$2:$A$222,DB!$B$2:$B$222,""),IF(G88="30L",_xlfn.XLOOKUP(C88,DB!$A$2:$A$222,DB!$C$2:$C$222,""),"")) -> OMSUK | S88: =HOUR(F88) -> 17 | T88: =_xlfn.XLOOKUP(C88,DB!$A$2:$A$222,DB!$D$2:$D$222,"") -> Sector 3
A89: DAL641 | B89: MMUN | C89: KATL | D89: A321 | E89: N332DN | F89: 46268.748 | G89: 12R | H89: S12R 2059N08647W 2100N08644W 2101N08643W 2113N08648W 2116N08650W ENEBA NOSUG UT27 OMVIP UT45 IRDOV L214 LEV DCT GCV/N0453F370 DCT PAYTN DCT SHYRE GNDLF3 | I89: 360 | J89: I | K89: S | L89: 447 | M89: IRDOV | N89: 46268.772 | O89: 340 | P89: M | Q89: 40 | R89: =IF(G89="12R",_xlfn.XLOOKUP(C89,DB!$A$2:$A$222,DB!$B$2:$B$222,""),IF(G89="30L",_xlfn.XLOOKUP(C89,DB!$A$2:$A$222,DB!$C$2:$C$222,""),"")) -> ENEBA | S89: =HOUR(F89) -> 17 | T89: =_xlfn.XLOOKUP(C89,DB!$A$2:$A$222,DB!$D$2:$D$222,"") -> Sector 3
A90: VIV2198 | B90: MMUN | C90: MMMY | D90: A321 | E90: XAVBI | F90: 46268.75 | G90: 12R | H90: S12R T12R6 UN418 2056N08655W UN703 MID DCT NOTEN UT37 SESNO UJ15E RETOS RETOS1A | I90: 360 | J90: I | K90: S | L90: 876 | M90: NOTEN | N90: 46268.796 | O90: 360 | P90: M | Q90: 190 | R90: =IF(G90="12R",_xlfn.XLOOKUP(C90,DB!$A$2:$A$222,DB!$B$2:$B$222,""),IF(G90="30L",_xlfn.XLOOKUP(C90,DB!$A$2:$A$222,DB!$C$2:$C$222,""),"")) -> UDGUV | S90: =HOUR(F90) -> 17 | T90: =_xlfn.XLOOKUP(C90,DB!$A$2:$A$222,DB!$D$2:$D$222,"") -> Sector 2
A91: VIV2026 | B91: MMUN | C91: MMPB | D91: A20N | E91: XAVIH | F91: 46268.751 | G91: 12R | H91: S12R T12R6 UN418 2056N08654W 2056N08656W 2057N08657W 2055N09018W ELURA UMAVO UT101 ENAGA DCT OTAGO DCT ATUKA ATUKA1B | I91: 360 | J91: I | K91: S | L91: 861 | M91: ELURA | N91: 46268.797 | O91: 360 | P91: M | Q91: 190 | R91: =IF(G91="12R",_xlfn.XLOOKUP(C91,DB!$A$2:$A$222,DB!$B$2:$B$222,""),IF(G91="30L",_xlfn.XLOOKUP(C91,DB!$A$2:$A$222,DB!$C$2:$C$222,""),"")) -> UDGUV | S91: =HOUR(F91) -> 18 | T91: =_xlfn.XLOOKUP(C91,DB!$A$2:$A$222,DB!$D$2:$D$222,"") -> Sector 2
A92: VOI1055 | B92: MMUN | C92: MMGL | D92: A21N | E92: XAVSK | F92: 46268.754 | G92: 12R | H92: S12R T12R6 UN418 2056N08658W 2055N08701W 2055N08711W 2055N08712W 2054N08720W 2053N08726W 2050N09016W 2015N09500W IKLOK UT123 IGSON IGSON1B | I92: 360 | J92: I | K92: S | L92: 863 | M92: 2015N09459W | N92: 46268.8 | O92: 360 | P92: M | Q92: 190 | R92: =IF(G92="12R",_xlfn.XLOOKUP(C92,DB!$A$2:$A$222,DB!$B$2:$B$222,""),IF(G92="30L",_xlfn.XLOOKUP(C92,DB!$A$2:$A$222,DB!$C$2:$C$222,""),"")) -> UDGUV | S92: =HOUR(F92) -> 18 | T92: =_xlfn.XLOOKUP(C92,DB!$A$2:$A$222,DB!$D$2:$D$222,"") -> Sector 2
A93: VOI3598 | B93: MMUN | C93: MMOX | D93: A20N | E93: XAVRX | F93: 46268.755 | G93: 12R | H93: S12R T12R6 UN418 2056N08700W 2054N08708W 2054N08709W 2051N08722W 2050N08728W OMATO UJ16 OAX | I93: 380 | J93: I | K93: S | L93: 997 | M93: OMATO | N93: 46268.812 | O93: 229 | P93: M | Q93: 190 | R93: =IF(G93="12R",_xlfn.XLOOKUP(C93,DB!$A$2:$A$222,DB!$B$2:$B$222,""),IF(G93="30L",_xlfn.XLOOKUP(C93,DB!$A$2:$A$222,DB!$C$2:$C$222,""),"")) -> UDGUV | S93: =HOUR(F93) -> 18 | T93: =_xlfn.XLOOKUP(C93,DB!$A$2:$A$222,DB!$D$2:$D$222,"") -> Sector 2
A94: SWA219 | B94: MMUN | C94: KMDW | D94: B38M | E94: N8784Q | F94: 46268.756 | G94: 12R | H94: S12R SR00 SR01 SR02 SR03 SR04 SR05 SR06 SR07 SR08 SR09 SR10 SR11 2113N08647W 2115N08648W NOSUG UT27 OMVIP UT45 IRDOV L214 PLNDR DCT HRV DCT MHZ DCT SQS/N0458F390 DCT NTWOO DCT JHAUN DCT SPI DCT PHEEB ENDEE8 | I94: 380 | J94: I | K94: S | L94: 449 | M94: IRDOV | N94: 46268.78 | O94: 380 | P94: M | Q94: 40 | R94: =IF(G94="12R",_xlfn.XLOOKUP(C94,DB!$A$2:$A$222,DB!$B$2:$B$222,""),IF(G94="30L",_xlfn.XLOOKUP(C94,DB!$A$2:$A$222,DB!$C$2:$C$222,""),"")) -> OMSUK | S94: =HOUR(F94) -> 18 | T94: =_xlfn.XLOOKUP(C94,DB!$A$2:$A$222,DB!$D$2:$D$222,"") -> Sector 3
A95: DAL620 | B95: MMUN | C95: KJFK | D95: A21N | E95: N576DN | F95: 46268.758 | G95: 12R | H95: S12R SR00 NC02 ROTGI UM219 MYDIA M219 KNOST Q109 DFENC DCT SAWED Q108 SIE CAMRN5 | I95: 350 | J95: I | K95: S | L95: 357 | M95: MYDIA | N95: 46268.778 | O95: 350 | P95: M | Q95: 40 | R95: =IF(G95="12R",_xlfn.XLOOKUP(C95,DB!$A$2:$A$222,DB!$B$2:$B$222,""),IF(G95="30L",_xlfn.XLOOKUP(C95,DB!$A$2:$A$222,DB!$C$2:$C$222,""),"")) -> OMSUK | S95: =HOUR(F95) -> 18 | T95: =_xlfn.XLOOKUP(C95,DB!$A$2:$A$222,DB!$D$2:$D$222,"") -> Sector 3
A96: UAL1948 | B96: MMUN | C96: KSFO | D96: B39M | E96: N37562 | F96: 46268.759 | G96: 12R | H96: S12R 2059N08647W NC011 NOSUG 2219N08658W 2227N08659W SEAGL L207 VUH DCT KH87E DCT CRAYS DCT KH03A DCT BUBAY DCT KA09W/N0460F380 DCT SARRT DCT KA18S DCT LALUZ DCT KA30O DCT PGS DCT BLD DCT BTY DCT RUSME DYAMD5 | I96: 360 | J96: I | K96: S | L96: 646 | M96: 2429N09058W | N96: 46268.793 | O96: 360 | P96: M | Q96: 40 | R96: =IF(G96="12R",_xlfn.XLOOKUP(C96,DB!$A$2:$A$222,DB!$B$2:$B$222,""),IF(G96="30L",_xlfn.XLOOKUP(C96,DB!$A$2:$A$222,DB!$C$2:$C$222,""),"")) -> UDGUV | S96: =HOUR(F96) -> 18 | T96: =_xlfn.XLOOKUP(C96,DB!$A$2:$A$222,DB!$D$2:$D$222,"") -> Sector 2
A97: XCLQU | B97: MMUN | C97: MMCM | D97: LJ31 | F97: 46268.761 | G97: 12R | H97: DCT | I97: 165 | J97: V | K97: G | L97: 319 | M97: MMCM | N97: 46268.786 | O97: 0 | P97: M | Q97: 15 | R97: =IF(G97="12R",_xlfn.XLOOKUP(C97,DB!$A$2:$A$222,DB!$B$2:$B$222,""),IF(G97="30L",_xlfn.XLOOKUP(C97,DB!$A$2:$A$222,DB!$C$2:$C$222,""),"")) -> CZM | S97: =HOUR(F97) -> 18 | T97: =_xlfn.XLOOKUP(C97,DB!$A$2:$A$222,DB!$D$2:$D$222,"") -> Sector 7
A98: JBU152 | B98: MMUN | C98: KJFK | D98: A321 | E98: N948JB | F98: 46268.762 | G98: 12R | H98: S12R SR00 SR01 SR02 ROTGI UM219 MYDIA M219 KNOST Q109 DFENC DCT SAWED Q108 SIE CAMRN5 | I98: 350 | J98: I | K98: S | L98: 359 | M98: MYDIA | N98: 46268.782 | O98: 330 | P98: M | Q98: 40 | R98: =IF(G98="12R",_xlfn.XLOOKUP(C98,DB!$A$2:$A$222,DB!$B$2:$B$222,""),IF(G98="30L",_xlfn.XLOOKUP(C98,DB!$A$2:$A$222,DB!$C$2:$C$222,""),"")) -> OMSUK | S98: =HOUR(F98) -> 18 | T98: =_xlfn.XLOOKUP(C98,DB!$A$2:$A$222,DB!$D$2:$D$222,"") -> Sector 3
A99: AAL1910 | B99: MMUN | C99: KORD | D99: A321 | E99: N931AM | F99: 46268.764 | G99: 12R | H99: S12R SR00 SR01 SR02 SR03 NOSUG UT27 OMVIP UT45 IRDOV L214 PLNDR DCT HRV DCT IZAAC/N0452F350 DCT MEM/N0448F360 J187 FTZ SHAIN2 | I99: 340 | J99: I | K99: S | L99: 446 | M99: IRDOV | N99: 46268.788 | O99: 340 | P99: M | Q99: 40 | R99: =IF(G99="12R",_xlfn.XLOOKUP(C99,DB!$A$2:$A$222,DB!$B$2:$B$222,""),IF(G99="30L",_xlfn.XLOOKUP(C99,DB!$A$2:$A$222,DB!$C$2:$C$222,""),"")) -> ENEBA | S99: =HOUR(F99) -> 18 | T99: =_xlfn.XLOOKUP(C99,DB!$A$2:$A$222,DB!$D$2:$D$222,"") -> Sector 3
A100: SWA1996 | B100: MMUN | C100: KSTL | D100: B737 | E100: N7832A | F100: 46268.766 | G100: 12R | H100: S12R SR00 SR01 SR02 SR03 NOSUG UT27 OMVIP DCT IRDOV L214 PLNDR DCT HRV DCT MHZ DCT SQS/N0451F410 J35 MEM BOOSH3 | I100: 400 | J100: I | K100: S | L100: 446 | M100: IRDOV | N100: 46268.79 | O100: 400 | P100: M | Q100: 40 | R100: =IF(G100="12R",_xlfn.XLOOKUP(C100,DB!$A$2:$A$222,DB!$B$2:$B$222,""),IF(G100="30L",_xlfn.XLOOKUP(C100,DB!$A$2:$A$222,DB!$C$2:$C$222,""),"")) -> ENEBA | S100: =HOUR(F100) -> 18 | T100: =_xlfn.XLOOKUP(C100,DB!$A$2:$A$222,DB!$D$2:$D$222,"") -> Sector 3
A101: UAL1051 | B101: MMUN | C101: KIAH | D101: B739 | E101: N75433 | F101: 46268.769 | G101: 12R | H101: S12R SR00 SR01 SR02 2118N08651W 2123N08651W NOSUG 2242N08700W 2250N08701W 2344N08843W 2348N08853W SUVUM KEHLI A766 KELPP | I101: 380 | J101: I | K101: S | L101: 574 | M101: KEHLI | N101: 46268.798 | O101: 380 | P101: M | Q101: 40 | R101: =IF(G101="12R",_xlfn.XLOOKUP(C101,DB!$A$2:$A$222,DB!$B$2:$B$222,""),IF(G101="30L",_xlfn.XLOOKUP(C101,DB!$A$2:$A$222,DB!$C$2:$C$222,""),"")) -> ENEBA | S101: =HOUR(F101) -> 18 | T101: =_xlfn.XLOOKUP(C101,DB!$A$2:$A$222,DB!$D$2:$D$222,"") -> Sector 3
A102: ROU1883 | B102: MMUN | C102: CYUL | D102: A321 | E102: CGHPJ | F102: 46268.77 | G102: 12R | H102: S12R SR00 SR01 SR02 SR03 2319N08719W 2330N08727W 2347N08826W 2353N08909W 2403N08930W KEHLI/M079F340 A770 DOLPH/N0469F340 A770 LEV/N0467F350 J31 MEI DCT HITMN DCT IIU DCT CRL DCT DERLO Q907 SIKBO Q951 SANIN DCT MIGLO HABBS7 | I102: 340 | J102: I | K102: S | L102: 586 | M102: KEHLI | N102: 46268.802 | O102: 320 | P102: M | Q102: 40 | R102: =IF(G102="12R",_xlfn.XLOOKUP(C102,DB!$A$2:$A$222,DB!$B$2:$B$222,""),IF(G102="30L",_xlfn.XLOOKUP(C102,DB!$A$2:$A$222,DB!$C$2:$C$222,""),"")) -> OMSUK | S102: =HOUR(F102) -> 18 | T102: =_xlfn.XLOOKUP(C102,DB!$A$2:$A$222,DB!$D$2:$D$222,"") -> Sector 3
A103: SWA1025 | B103: MMUN | C103: KMCO | D103: B737 | E103: N7877H | F103: 46268.772 | G103: 12R | H103: NUDAL1A NUDAL UV106 PODON UG765 MAXIM Y262 LINEY DCT KUTNE MUNGI1 | I103: 390 | J103: I | K103: S | L103: 136 | M103: NUDAL | N103: 46268.78 | O103: 303 | P103: M | Q103: 190 | R103: =IF(G103="12R",_xlfn.XLOOKUP(C103,DB!$A$2:$A$222,DB!$B$2:$B$222,""),IF(G103="30L",_xlfn.XLOOKUP(C103,DB!$A$2:$A$222,DB!$C$2:$C$222,""),"")) -> OMSUK | S103: =HOUR(F103) -> 18 | T103: =_xlfn.XLOOKUP(C103,DB!$A$2:$A$222,DB!$D$2:$D$222,"") -> Sector 3
A104: WJA2129 | B104: MMUN | C104: CYYZ | D104: B38M | E104: CFYXC | F104: 46268.773 | G104: 12R | H104: S12R SR00 SR01 SR02 SR03 SR04 NOSUG UT27 OMVIP UT45 IRDOV/M078F340 L214 PLNDR/N0457F340 L214 LEV/N0458F350 DCT GOOGY DCT HICKI DCT QWERI NUBER6 | I104: 340 | J104: I | K104: S | L104: 446 | M104: IRDOV | N104: 46268.798 | O104: 340 | P104: M | Q104: 40 | R104: =IF(G104="12R",_xlfn.XLOOKUP(C104,DB!$A$2:$A$222,DB!$B$2:$B$222,""),IF(G104="30L",_xlfn.XLOOKUP(C104,DB!$A$2:$A$222,DB!$C$2:$C$222,""),"")) -> OMSUK | S104: =HOUR(F104) -> 18 | T104: =_xlfn.XLOOKUP(C104,DB!$A$2:$A$222,DB!$D$2:$D$222,"") -> Sector 3
A105: SWA306 | B105: MMUN | C105: KHOU | D105: B737 | E105: N902WN | F105: 46268.776 | G105: 12R | H105: S12R SR00 SR01 SR02 SR03 SR04 2148N08655W 2218N08712W 2225N08716W 2243N08748W 2249N08757W 2309N08833W 2314N08849W 2337N08916W KEHLI A766 KELPP PUCKS4 | I105: 380 | J105: I | K105: S | L105: 545 | M105: KEHLI | N105: 46268.806 | O105: 380 | P105: M | Q105: 40 | R105: =IF(G105="12R",_xlfn.XLOOKUP(C105,DB!$A$2:$A$222,DB!$B$2:$B$222,""),IF(G105="30L",_xlfn.XLOOKUP(C105,DB!$A$2:$A$222,DB!$C$2:$C$222,""),"")) -> ENEBA | S105: =HOUR(F105) -> 18 | T105: =_xlfn.XLOOKUP(C105,DB!$A$2:$A$222,DB!$D$2:$D$222,"") -> Sector 3
A106: N405DC | B106: MMUN | C106: KBCT | D106: LJ60 | F106: 46268.777 | G106: 12R | H106: S12R SR00 SR01 SR02 SR03 OMSUK UM219 MYDIA Y240 MARCI DCT KUBIC DCT | I106: 410 | J106: I | K106: G | L106: 360 | M106: MYDIA | N106: 46268.796 | O106: 410 | P106: M | Q106: 40 | R106: =IF(G106="12R",_xlfn.XLOOKUP(C106,DB!$A$2:$A$222,DB!$B$2:$B$222,""),IF(G106="30L",_xlfn.XLOOKUP(C106,DB!$A$2:$A$222,DB!$C$2:$C$222,""),"")) -> OMSUK | S106: =HOUR(F106) -> 18 | T106: =_xlfn.XLOOKUP(C106,DB!$A$2:$A$222,DB!$D$2:$D$222,"") -> Sector 3
A107: DAL626 | B107: MMUN | C107: KBOS | D107: B738 | E107: N374DA | F107: 46268.779 | G107: 12R | H107: S12R SR00 2059N08646W OMSUK UM219 XOPGI UB646 CANOA Y196 TUNSL Y262 GOPEY DCT DVALL DCT FEMID/N0454F380 Q118 SHEEK DCT JINOS DCT DOFFY Q65 FETAL/N0453F370 Q65 ENEME Q409 JROSS DCT YURCK Q97 SAWED DCT ZJAAY Q97 ZIZZI DCT WAVEY DCT HTO DCT PROVI ROBUC3 | I107: 370 | J107: I | K107: S | L107: 233 | M107: LENUK | N107: 46268.793 | O107: 300 | P107: M | Q107: 40 | R107: =IF(G107="12R",_xlfn.XLOOKUP(C107,DB!$A$2:$A$222,DB!$B$2:$B$222,""),IF(G107="30L",_xlfn.XLOOKUP(C107,DB!$A$2:$A$222,DB!$C$2:$C$222,""),"")) -> OMSUK | S107: =HOUR(F107) -> 18 | T107: =_xlfn.XLOOKUP(C107,DB!$A$2:$A$222,DB!$D$2:$D$222,"") -> Sector 3
A108: VIV7066 | B108: MMUN | C108: MMSM | D108: A321 | E108: XAVCF | F108: 46268.78 | G108: 12R | H108: S12R T12R6 UN418 2056N08654W SR35 2055N08711W 2058N08716W 2100N08728W 2057N08802W UBVOV UT20 TAJIN DCT VITOS VITOS2A | I108: 340 | J108: I | K108: N | L108: 860 | M108: UBVOV | N108: 46268.825 | O108: 340 | P108: M | Q108: 190 | R108: =IF(G108="12R",_xlfn.XLOOKUP(C108,DB!$A$2:$A$222,DB!$B$2:$B$222,""),IF(G108="30L",_xlfn.XLOOKUP(C108,DB!$A$2:$A$222,DB!$C$2:$C$222,""),"")) -> UDGUV | S108: =HOUR(F108) -> 18 | T108: =_xlfn.XLOOKUP(C108,DB!$A$2:$A$222,DB!$D$2:$D$222,"") -> Sector 2
A109: SWA1608 | B109: MMUN | C109: KBWI | D109: B737 | E109: N458WN | F109: 46268.783 | G109: 12R | H109: NUDAL1A NUDAL UV106 PODON UG765 MAXIM Y262 GOPEY Q87 TIRCO/N0436F400 Q87 ZERBO/N0441F410 Q87 RAYVO Q113 AARNN DCT THHMP RAVNN9 | I109: 410 | J109: I | K109: S | L109: 136 | M109: NUDAL | N109: 46268.791 | O109: 297 | P109: M | Q109: 190 | R109: =IF(G109="12R",_xlfn.XLOOKUP(C109,DB!$A$2:$A$222,DB!$B$2:$B$222,""),IF(G109="30L",_xlfn.XLOOKUP(C109,DB!$A$2:$A$222,DB!$C$2:$C$222,""),"")) -> OMSUK | S109: =HOUR(F109) -> 18 | T109: =_xlfn.XLOOKUP(C109,DB!$A$2:$A$222,DB!$D$2:$D$222,"") -> Sector 3
A110: VIV2184 | B110: MMUN | C110: MMCU | D110: A321 | E110: XAVBU | F110: 46268.786 | G110: 12R | H110: S12R T12R6 2058N08652W 2043N08704W 2038N08821W NOTEN UT37 ULUMA DCT MTY UT11 SINLO SINLO1A | I110: 360 | J110: I | K110: S | L110: 890 | M110: NOTEN | N110: 46268.834 | O110: 360 | P110: M | Q110: 190 | R110: =IF(G110="12R",_xlfn.XLOOKUP(C110,DB!$A$2:$A$222,DB!$B$2:$B$222,""),IF(G110="30L",_xlfn.XLOOKUP(C110,DB!$A$2:$A$222,DB!$C$2:$C$222,""),"")) -> UDGUV | S110: =HOUR(F110) -> 18 | T110: =_xlfn.XLOOKUP(C110,DB!$A$2:$A$222,DB!$D$2:$D$222,"") -> Sector 2
A111: VIV2062 | B111: MMUN | C111: MMQT | D111: A20N | E111: XAVMF | F111: 46268.787 | G111: 12R | H111: S12R T12R6 2057N08652W 2039N08708W 2035N08822W LIDAM UT23 TAM UJ14 TMN DCT MORAS UJ17 QET DCT | I111: 380 | J111: I | K111: S | L111: 888 | M111: LIDAM | N111: 46268.836 | O111: 380 | P111: M | Q111: 190 | R111: =IF(G111="12R",_xlfn.XLOOKUP(C111,DB!$A$2:$A$222,DB!$B$2:$B$222,""),IF(G111="30L",_xlfn.XLOOKUP(C111,DB!$A$2:$A$222,DB!$C$2:$C$222,""),"")) -> UDGUV | S111: =HOUR(F111) -> 18 | T111: =_xlfn.XLOOKUP(C111,DB!$A$2:$A$222,DB!$D$2:$D$222,"") -> Sector 2
A112: UAL1056 | B112: MMUN | C112: KIAH | D112: B39M | E112: N37556 | F112: 46268.791 | G112: 12R | H112: S12R T12R6 2059N08651W 2036N08707W 2025N08741W ELISO UT37 EBDUB DCT NUGUS/N0463F390 UJ59 MAM/N0461F400 DCT CRP HTOWN3 | I112: 380 | J112: I | K112: S | L112: 906 | M112: NOTEN | N112: 46268.839 | O112: 380 | P112: M | Q112: 190 | R112: =IF(G112="12R",_xlfn.XLOOKUP(C112,DB!$A$2:$A$222,DB!$B$2:$B$222,""),IF(G112="30L",_xlfn.XLOOKUP(C112,DB!$A$2:$A$222,DB!$C$2:$C$222,""),"")) -> ENEBA | S112: =HOUR(F112) -> 18 | T112: =_xlfn.XLOOKUP(C112,DB!$A$2:$A$222,DB!$D$2:$D$222,"") -> Sector 3
A113: TOS6611 | B113: MMUN | C113: MZBZ | D113: C208 | E113: V3HJA | F113: 46268.797 | G113: 12R | H113: S12R SR00 2058N08647W CZM B764 BUKKY BUKKY1A | I113: 100 | J113: I | K113: S | L113: 338 | M113: MZBZ | N113: 46268.857 | O113: 0 | P113: L | Q113: 40 | R113: =IF(G113="12R",_xlfn.XLOOKUP(C113,DB!$A$2:$A$222,DB!$B$2:$B$222,""),IF(G113="30L",_xlfn.XLOOKUP(C113,DB!$A$2:$A$222,DB!$C$2:$C$222,""),"")) -> CZM | S113: =HOUR(F113) -> 19 | T113: =_xlfn.XLOOKUP(C113,DB!$A$2:$A$222,DB!$D$2:$D$222,"") -> Sector 7
A114: CMP326 | B114: MMUN | C114: MPTO | D114: B738 | E114: HP1728 | F114: 46268.8 | G114: 12R | H114: TAKUX2A TAKUX UM782 OMIRO UN420 MORLI OSUPA2 | I114: 350 | J114: I | K114: S | L114: 153 | M114: TAKUX | N114: 46268.81 | O114: 298 | P114: M | Q114: 190 | R114: =IF(G114="12R",_xlfn.XLOOKUP(C114,DB!$A$2:$A$222,DB!$B$2:$B$222,""),IF(G114="30L",_xlfn.XLOOKUP(C114,DB!$A$2:$A$222,DB!$C$2:$C$222,""),"")) -> TAKUX | S114: =HOUR(F114) -> 19 | T114: =_xlfn.XLOOKUP(C114,DB!$A$2:$A$222,DB!$D$2:$D$222,"") -> Sector 7
...

Sheet 2026-09-04
A1: callsign | B1: adep | C1: ades | D1: aircraft_type | E1: aircraft_registration | F1: atd | G1: dep_runway | H1: route | I1: rfl | J1: flight_rule | K1: flight_type | L1: distance_flown_in_fir | M1: exit_point | N1: exit_hour | O1: exit_level | P1: wtc | Q1: nfl | R1: SID_resuelto | S1: Hora_UTC | T1: Sector_resuelto
A2: VIV2086 | B2: MMUN | C2: MMRX | D2: A20N | E2: XAVMH | F2: 46269.003 | G2: 12R | H2: S12R T12R6 UN418 UN409 2105N08750W 2107N08756W 2108N08756W 2117N08806W 2129N08818W 2134N08823W 2141N08830W NOTEN UT37 ULUMA DCT ONDEV UJ53 REX DCT | I2: 380 | J2: I | K2: S | L2: 866 | M2: NOTEN | N2: 46269.049 | O2: 380 | P2: M | Q2: 190 | R2: =IF(G2="12R",_xlfn.XLOOKUP(C2,DB!$A$2:$A$222,DB!$B$2:$B$222,""),IF(G2="30L",_xlfn.XLOOKUP(C2,DB!$A$2:$A$222,DB!$C$2:$C$222,""),"")) -> UDGUV | S2: =HOUR(F2) -> 0 | T2: =_xlfn.XLOOKUP(C2,DB!$A$2:$A$222,DB!$D$2:$D$222,"") -> Sector 2
A3: VOI1051 | B3: MMUN | C3: MMGL | D3: A21N | E3: XAVUA | F3: 46269.013 | G3: 12R | H3: S12R T12R6 UN418 UN409 2054N08711W 2053N08714W 2054N08716W CZ551 2103N08737W 2104N08741W 2115N08810W 2114N08810W NUBIT DCT RIBET UT101 ENAGA DCT OVAGO UT123 IGSON IGSON1B | I3: 320 | J3: I | K3: S | L3: 873 | M3: NUBIT | N3: 46269.061 | O3: 320 | P3: M | Q3: 190 | R3: =IF(G3="12R",_xlfn.XLOOKUP(C3,DB!$A$2:$A$222,DB!$B$2:$B$222,""),IF(G3="30L",_xlfn.XLOOKUP(C3,DB!$A$2:$A$222,DB!$C$2:$C$222,""),"")) -> UDGUV | S3: =HOUR(F3) -> 0 | T3: =_xlfn.XLOOKUP(C3,DB!$A$2:$A$222,DB!$D$2:$D$222,"") -> Sector 2
A4: AMX555 | B4: MMUN | C4: MMMX | D4: B39M | E4: XASRK | F4: 46269.04 | G4: 12R | H4: S12R 2100N08651W UBVOV UT101 UMAVO/N0458F300 UT101 ENAGA ENAGA3A | I4: 360 | J4: I | K4: S | L4: 851 | M4: UBVOV | N4: 46269.087 | O4: 360 | P4: M | Q4: 190 | R4: =IF(G4="12R",_xlfn.XLOOKUP(C4,DB!$A$2:$A$222,DB!$B$2:$B$222,""),IF(G4="30L",_xlfn.XLOOKUP(C4,DB!$A$2:$A$222,DB!$C$2:$C$222,""),"")) -> UDGUV | S4: =HOUR(F4) -> 0 | T4: =_xlfn.XLOOKUP(C4,DB!$A$2:$A$222,DB!$D$2:$D$222,"") -> Sector 2
A5: VIV1373 | B5: MMUN | C5: MMMX | D5: A321 | E5: XAVBI | F5: 46269.045 | G5: 12R | H5: S12R T12R6 UN418 UN409 UN419 UN432 2056N09008W 2102N09031W 2056N09044W 2056N09053W UBVOV DCT UMAVO UT101 ENAGA ENAGA3A | I5: 320 | J5: I | K5: S | L5: 863 | M5: UBVOV | N5: 46269.091 | O5: 320 | P5: M | Q5: 190 | R5: =IF(G5="12R",_xlfn.XLOOKUP(C5,DB!$A$2:$A$222,DB!$B$2:$B$222,""),IF(G5="30L",_xlfn.XLOOKUP(C5,DB!$A$2:$A$222,DB!$C$2:$C$222,""),"")) -> UDGUV | S5: =HOUR(F5) -> 1 | T5: =_xlfn.XLOOKUP(C5,DB!$A$2:$A$222,DB!$D$2:$D$222,"") -> Sector 2
A6: BAW2202 | B6: MMUN | C6: EGKK | D6: B772 | E6: GYMMA | F6: 46269.049 | G6: 12R | H6: S12R T12R6 2059N08647W NUDAL UV106 PODON UG765 MAXIM DCT VKZ DCT NUCAR A699 LOUIZ/M082F350 A699 SUMRS/M083F370 M204 SOORY/M083F380 NATZ 46N040W/M082F390 NATZ ATSUR DCT LULOX/N0468F390 DCT SIDDI/N0415F270 DCT DAWLY DCT ELRIP DCT OTMET OTMET1G | I6: 350 | J6: I | K6: S | L6: 134 | M6: NUDAL | N6: 46269.059 | O6: 227 | P6: H | Q6: 190 | R6: =IF(G6="12R",_xlfn.XLOOKUP(C6,DB!$A$2:$A$222,DB!$B$2:$B$222,""),IF(G6="30L",_xlfn.XLOOKUP(C6,DB!$A$2:$A$222,DB!$C$2:$C$222,""),"")) -> NUDAL | S6: =HOUR(F6) -> 1 | T6: =_xlfn.XLOOKUP(C6,DB!$A$2:$A$222,DB!$D$2:$D$222,"") -> Sector 3
A7: WFL2502 | B7: MMUN | C7: LEMD | D7: A359 | E7: ECNTB | F7: 46269.052 | G7: 12R | H7: NUDAL1A NUDAL UV106 PODON UG765 MAXIM Y262 LULLS Y642 DROWN DCT FOWEE BR49V ZQA BR53V BNTTZ DCT MILLE/M085F370 M330 SHEIL/N0495F370 DCT BALOO/M085F370 DCT 35N060W/M085F370 37N050W/M085F390 38N040W 39N030W/M085F410 39N020W/M085F410 DCT GUNTI/N0488F410 DCT OGERO Z409 TLD | I7: 350 | J7: I | K7: S | L7: 136 | M7: NUDAL | N7: 46269.061 | O7: 222 | P7: H | Q7: 190 | R7: =IF(G7="12R",_xlfn.XLOOKUP(C7,DB!$A$2:$A$222,DB!$B$2:$B$222,""),IF(G7="30L",_xlfn.XLOOKUP(C7,DB!$A$2:$A$222,DB!$C$2:$C$222,""),"")) -> NUDAL | S7: =HOUR(F7) -> 1 | T7: =_xlfn.XLOOKUP(C7,DB!$A$2:$A$222,DB!$D$2:$D$222,"") -> Sector 3
A8: VOI5589 | B8: MMUN | C8: MMMY | D8: A320 | E8: XAVLN | F8: 46269.057 | G8: 12R | H8: S12R T12R6 UN418 UN409 UN419 2051N08731W 2049N08738W 2053N08739W NOTEN UT37 SESNO UJ15E RETOS RETOS1A | I8: 360 | J8: I | K8: S | L8: 867 | M8: NOTEN | N8: 46269.103 | O8: 360 | P8: M | Q8: 190 | R8: =IF(G8="12R",_xlfn.XLOOKUP(C8,DB!$A$2:$A$222,DB!$B$2:$B$222,""),IF(G8="30L",_xlfn.XLOOKUP(C8,DB!$A$2:$A$222,DB!$C$2:$C$222,""),"")) -> UDGUV | S8: =HOUR(F8) -> 1 | T8: =_xlfn.XLOOKUP(C8,DB!$A$2:$A$222,DB!$D$2:$D$222,"") -> Sector 2
A9: VTM9901 | B9: MMUN | C9: MMQT | D9: B733 | E9: XAVFI | F9: 46269.063 | G9: 12R | H9: S12R T12R6 UN418 UN409 UN419 2052N08727W 2113N08940W LCL1 2122N09058W 2146N09458W TMN DCT MORAS UJ17 QET | I9: 360 | J9: I | K9: S | L9: 862 | M9: 2146N09459W | N9: 46269.11 | O9: 360 | P9: M | Q9: 190 | R9: =IF(G9="12R",_xlfn.XLOOKUP(C9,DB!$A$2:$A$222,DB!$B$2:$B$222,""),IF(G9="30L",_xlfn.XLOOKUP(C9,DB!$A$2:$A$222,DB!$C$2:$C$222,""),"")) -> UDGUV | S9: =HOUR(F9) -> 1 | T9: =_xlfn.XLOOKUP(C9,DB!$A$2:$A$222,DB!$D$2:$D$222,"") -> Sector 2
A10: AEA064 | B10: MMUN | C10: LEMD | D10: B789 | E10: ECNEI | F10: 46269.077 | G10: 12R | H10: S12R T12R6 NUDAL UV106 PODON UG765 MAXIM DCT VKZ DCT NUCAR A699 LOUIZ/M085F350 A699 SUMRS M327 JIMAC DCT BALOO/M084F370 DCT 35N060W 38N050W 40N040W 40N030W 3930N02000W DCT GUNTI/N0488F380 DCT TOFEF DCT OGERO DCT ROLDO DCT RUKER Z409 TLD | I10: 350 | J10: I | K10: S | L10: 133 | M10: NUDAL | N10: 46269.087 | O10: 191 | P10: H | Q10: 190 | R10: =IF(G10="12R",_xlfn.XLOOKUP(C10,DB!$A$2:$A$222,DB!$B$2:$B$222,""),IF(G10="30L",_xlfn.XLOOKUP(C10,DB!$A$2:$A$222,DB!$C$2:$C$222,""),"")) -> NUDAL | S10: =HOUR(F10) -> 1 | T10: =_xlfn.XLOOKUP(C10,DB!$A$2:$A$222,DB!$D$2:$D$222,"") -> Sector 3
A11: ESF610 | B11: MMUN | C11: MMMD | D11: B734 | E11: XASLG | F11: 46269.088 | G11: 12R | H11: S12R T12R6 UN418 UN409 UN419 2051N08729W UN432 NAPRI NAPRI1A | I11: 220 | J11: I | K11: S | L11: 355 | M11: MMMD | N11: 46269.112 | O11: 0 | P11: M | Q11: 190 | R11: =IF(G11="12R",_xlfn.XLOOKUP(C11,DB!$A$2:$A$222,DB!$B$2:$B$222,""),IF(G11="30L",_xlfn.XLOOKUP(C11,DB!$A$2:$A$222,DB!$C$2:$C$222,""),"")) -> UDGUV | S11: =HOUR(F11) -> 2 | T11: =_xlfn.XLOOKUP(C11,DB!$A$2:$A$222,DB!$D$2:$D$222,"") -> Sector 2
A12: ROU2455 | B12: MMUN | C12: CYYZ | D12: A321 | E12: CGKFA | F12: 46269.089 | G12: 12R | H12: S12R 2101N08652W NC29 OMSUK UM219 MYDIA/M078F350 M219 CULLY/N0460F350 M219 KNOST/N0458F370 DCT CAMJO Q99 BLAAN Q69 RICCS DCT OXMAN LINNG3 | I12: 350 | J12: I | K12: N | L12: 349 | M12: MYDIA | N12: 46269.11 | O12: 350 | P12: M | Q12: 40 | R12: =IF(G12="12R",_xlfn.XLOOKUP(C12,DB!$A$2:$A$222,DB!$B$2:$B$222,""),IF(G12="30L",_xlfn.XLOOKUP(C12,DB!$A$2:$A$222,DB!$C$2:$C$222,""),"")) -> OMSUK | S12: =HOUR(F12) -> 2 | T12: =_xlfn.XLOOKUP(C12,DB!$A$2:$A$222,DB!$D$2:$D$222,"") -> Sector 3
A13: ROU2129 | B13: MMUN | C13: CYVR | D13: B38M | E13: CGEHQ | F13: 46269.1 | G13: 12R | H13: S12R 2100N08650W ENEBA UT27 NOSUG 2158N08656W 2207N08657W KEHLI/M078F340 A766 KLAMS/N0463F340 A766 SBI DCT FUZ/N0464F360 DCT SPS DCT BGD DCT PUB DCT CHE DCT OCS DCT BPI DCT LKT J52 DOXIE DCT METOW GRIZZ1 | I13: 340 | J13: I | K13: S | L13: 525 | M13: KEHLI | N13: 46269.129 | O13: 340 | P13: M | Q13: 40 | R13: =IF(G13="12R",_xlfn.XLOOKUP(C13,DB!$A$2:$A$222,DB!$B$2:$B$222,""),IF(G13="30L",_xlfn.XLOOKUP(C13,DB!$A$2:$A$222,DB!$C$2:$C$222,""),"")) -> OMSUK | S13: =HOUR(F13) -> 2 | T13: =_xlfn.XLOOKUP(C13,DB!$A$2:$A$222,DB!$D$2:$D$222,"") -> Sector 3
A14: N428P | B14: MMUN | C14: LPAZ | D14: E550 | F14: 46269.102 | G14: 12R | H14: S12R 2059N08648W OMSUK 2150N08640W 2157N08640W LENUK UB646 CANOA DCT EONNS DCT ZBV DCT HAANA DCT CNNOR DCT 30N070W DCT 33N060W DCT 35N050W DCT 36N040W DCT GOMOS DCT | I14: 450 | J14: I | K14: G | L14: 218 | M14: LENUK | N14: 46269.115 | O14: 310 | P14: M | Q14: 40 | R14: =IF(G14="12R",_xlfn.XLOOKUP(C14,DB!$A$2:$A$222,DB!$B$2:$B$222,""),IF(G14="30L",_xlfn.XLOOKUP(C14,DB!$A$2:$A$222,DB!$C$2:$C$222,""),"")) | S14: =HOUR(F14) -> 2 | T14: =_xlfn.XLOOKUP(C14,DB!$A$2:$A$222,DB!$D$2:$D$222,"")
A15: VTM2202 | B15: MMUN | C15: MMVA | D15: B734 | E15: XAVHS | F15: 46269.114 | G15: 12R | H15: S12R T12R6 UN418 UN409 2053N08716W 2051N08727W CME UJ9 VSA | I15: 320 | J15: I | K15: S | L15: 721 | M15: MMVA | N15: 46269.159 | O15: 0 | P15: M | Q15: 190 | R15: =IF(G15="12R",_xlfn.XLOOKUP(C15,DB!$A$2:$A$222,DB!$B$2:$B$222,""),IF(G15="30L",_xlfn.XLOOKUP(C15,DB!$A$2:$A$222,DB!$C$2:$C$222,""),"")) -> UDGUV | S15: =HOUR(F15) -> 2 | T15: =_xlfn.XLOOKUP(C15,DB!$A$2:$A$222,DB!$D$2:$D$222,"") -> Sector 2
A16: VIV1017 | B16: MMUN | C16: MMMX | D16: A320 | E16: XAVAR | F16: 46269.115 | G16: 12R | H16: UDGUV2A UDGUV UT78 UKOKO 2051N08831W 2103N08938W S285 2048N09116W 2042N09153W UBVOV DCT UMAVO UT101 ENAGA ENAGA3A | I16: 360 | J16: I | K16: S | L16: 884 | M16: UBVOV | N16: 46269.163 | O16: 360 | P16: M | Q16: 190 | R16: =IF(G16="12R",_xlfn.XLOOKUP(C16,DB!$A$2:$A$222,DB!$B$2:$B$222,""),IF(G16="30L",_xlfn.XLOOKUP(C16,DB!$A$2:$A$222,DB!$C$2:$C$222,""),"")) -> UDGUV | S16: =HOUR(F16) -> 2 | T16: =_xlfn.XLOOKUP(C16,DB!$A$2:$A$222,DB!$D$2:$D$222,"") -> Sector 2
A17: VIV2288 | B17: MMUN | C17: MMSM | D17: A320 | E17: XAVAJ | F17: 46269.117 | G17: 12R | H17: UDGUV2A UDGUV UT78 UKOKO 2050N08846W 2049N08853W S107 2056N08951W 2055N08959W UBVOV UT20 TAJIN DCT VITOS VITOS2A | I17: 380 | J17: I | K17: S | L17: 866 | M17: UBVOV | N17: 46269.165 | O17: 380 | P17: M | Q17: 190 | R17: =IF(G17="12R",_xlfn.XLOOKUP(C17,DB!$A$2:$A$222,DB!$B$2:$B$222,""),IF(G17="30L",_xlfn.XLOOKUP(C17,DB!$A$2:$A$222,DB!$C$2:$C$222,""),"")) -> UDGUV | S17: =HOUR(F17) -> 2 | T17: =_xlfn.XLOOKUP(C17,DB!$A$2:$A$222,DB!$D$2:$D$222,"") -> Sector 2
A18: TSC427 | B18: MMUN | C18: CYYZ | D18: A321 | E18: CFTXQ | F18: 46269.12 | G18: 12R | H18: S12R SR00 SR01 OMSUK UM219 MYDIA M219 CIGAR DCT KNOST DCT CAMJO Q99 HEPAR/N0456F370 Q99 BLAAN Q69 RICCS DCT OXMAN LINNG3 | I18: 330 | J18: I | K18: S | L18: 359 | M18: MYDIA | N18: 46269.14 | O18: 330 | P18: M | Q18: 40 | R18: =IF(G18="12R",_xlfn.XLOOKUP(C18,DB!$A$2:$A$222,DB!$B$2:$B$222,""),IF(G18="30L",_xlfn.XLOOKUP(C18,DB!$A$2:$A$222,DB!$C$2:$C$222,""),"")) -> OMSUK | S18: =HOUR(F18) -> 2 | T18: =_xlfn.XLOOKUP(C18,DB!$A$2:$A$222,DB!$D$2:$D$222,"") -> Sector 3
A19: VOI105 | B19: MMUN | C19: MMMX | D19: A21N | E19: XAVUJ | F19: 46269.124 | G19: 12R | H19: UDGUV2A UDGUV UT78 DURPI DCT UBVOV UT101 ENAGA ENAGA3A | I19: 360 | J19: I | K19: S | L19: 859 | M19: UBVOV | N19: 46269.171 | O19: 360 | P19: M | Q19: 190 | R19: =IF(G19="12R",_xlfn.XLOOKUP(C19,DB!$A$2:$A$222,DB!$B$2:$B$222,""),IF(G19="30L",_xlfn.XLOOKUP(C19,DB!$A$2:$A$222,DB!$C$2:$C$222,""),"")) -> UDGUV | S19: =HOUR(F19) -> 2 | T19: =_xlfn.XLOOKUP(C19,DB!$A$2:$A$222,DB!$D$2:$D$222,"") -> Sector 2
A20: VIV436 | B20: MMUN | C20: SKBO | D20: A20N | E20: XAVMG | F20: 46269.126 | G20: 12R | H20: S12R T12R6 UN415 2052N08636W ALYRE TAKUX UM782 OMIRO/N0450F390 UN420 SPP DCT VUNIB DCT SIROT DCT KUBEK DCT RNG DCT ISVAT ISVAT5E | I20: 370 | J20: I | K20: S | L20: 150 | M20: TAKUX | N20: 46269.136 | O20: 289 | P20: M | Q20: 190 | R20: =IF(G20="12R",_xlfn.XLOOKUP(C20,DB!$A$2:$A$222,DB!$B$2:$B$222,""),IF(G20="30L",_xlfn.XLOOKUP(C20,DB!$A$2:$A$222,DB!$C$2:$C$222,""),"")) -> TAKUX | S20: =HOUR(F20) -> 3 | T20: =_xlfn.XLOOKUP(C20,DB!$A$2:$A$222,DB!$D$2:$D$222,"") -> Sector 7
A21: VIV2022 | B21: MMUN | C21: MMTO | D21: A320 | E21: XAVDI | F21: 46269.128 | G21: 12R | H21: UDGUV2A UDGUV UT78 DURPI DCT UBVOV UT101 UMAVO UT104 LENUL LENUL3A | I21: 360 | J21: I | K21: S | L21: 859 | M21: UBVOV | N21: 46269.174 | O21: 360 | P21: M | Q21: 190 | R21: =IF(G21="12R",_xlfn.XLOOKUP(C21,DB!$A$2:$A$222,DB!$B$2:$B$222,""),IF(G21="30L",_xlfn.XLOOKUP(C21,DB!$A$2:$A$222,DB!$C$2:$C$222,""),"")) -> UDGUV | S21: =HOUR(F21) -> 3 | T21: =_xlfn.XLOOKUP(C21,DB!$A$2:$A$222,DB!$D$2:$D$222,"") -> Sector 2
A22: VIV2140 | B22: MMUN | C22: MMGL | D22: A21N | E22: XAVXU | F22: 46269.131 | G22: 12R | H22: S12R T12R6 UN418 UN409 UN419 2052N08723W 2052N08728W 2140N09233W 2140N09242W TMN UT147 AGU UT44 MEZCA MEZCA1A | I22: 360 | J22: I | K22: S | L22: 863 | M22: 2150N09459W | N22: 46269.178 | O22: 360 | P22: M | Q22: 190 | R22: =IF(G22="12R",_xlfn.XLOOKUP(C22,DB!$A$2:$A$222,DB!$B$2:$B$222,""),IF(G22="30L",_xlfn.XLOOKUP(C22,DB!$A$2:$A$222,DB!$C$2:$C$222,""),"")) -> UDGUV | S22: =HOUR(F22) -> 3 | T22: =_xlfn.XLOOKUP(C22,DB!$A$2:$A$222,DB!$D$2:$D$222,"") -> Sector 2
